38,G,"37.443663 ,-7.919557",1.4,9,89.0640765,,Arbutus unedo L.
39,G,"37.443570 ,-7.919505",1.4,16,281.486464,,Arbutus unedo L.
1,Z,"37.442843,-7.915334",4,26,2123.71484,,Ceratonia siliqua
2,Z,"37.442744,-7.915862",3.5,4,43.98226,,Ceratonia siliqua
21,A,"37.444370,-7.919863",2.58,40,3242.12088,,Citrus × sinensis
22,A,"37.444379,-7.919808",2.2,42,3047.970618,,Citrus × sinensis
23,A,"37.444381,-7.919808",2.7,48,4885.800768,,Citrus × sinensis
24,A,"37.444350,-7.919737",1.78,37,1913.872336,,Citrus × sinensis
25,A,"37.444401,-7.919752",1.8,37,1935.37652,,Citrus × sinensis
26,A,"37.444406,-7.919731",2.3,45,3657.988856,,Citrus × sinensis
27,A,"37.444400,-7.919795",2.8,52,5946.401552,,Citrus × sinensis
28,A,"37.444425,-7.919791",2.8,48,5066.756352,,Citrus × sinensis
29,A,"37.444444,-7.919821",2.4,45,3817.03185,,Citrus × sinensis
30,A,"37.444447,-7.919855",3.1,60,8765.0361,,Citrus × sinensis
36,A,"37.444662,-7.919757",1.6,31,1207.627196,,Citrus × sinensis
37,A,"37.444636,-7.919741",2,26,1061.85742,,Citrus × sinensis
38,A,"37.444664,-7.919764",1.8,36,1832.175288,,Citrus × sinensis
39,A,"37.444642,-7.919741",1.8,24,814.300128,,Citrus × sinensis
40,A,"37.444671,-7.919768",1.5,26,796.393065,,Citrus × sinensis
41,A,"37.444667,-7.919784",1.5,30,1060.286625,,Citrus × sinensis
42,A,"37.444667,-7.919785",2,32,1608.49408,,Citrus × sinensis
43,A,"37.444728,-7.919735",1.8,33,1539.53618,,Citrus × sinensis
44,A,"37.444829,-7.919744",2,38,2268.22798,,Citrus × sinensis
45,A,"37.444745,-7.919824",2,33,1710.595755,,Citrus × sinensis
46,A,"37.444777,-7.919890",2.4,39,2867.015034,,Citrus × sinensis
3,H,"37.4431834,-7.9192845",1.63,18,414.7841277,,Citrus Limonia
15,G,"37.4438531 ,-7.9197592",3.2,16,643.397632,,Cupressus sempervirens
16,G,"37.4438531 ,-7.9197270",1.1,3.5,10.58323131,,Cupressus sempervirens
17,G,"37.443465,-7.9196965",1.6,4,20.106176,,Cupressus sempervirens
18,G,"37.4437842 ,-7.9196469",1.5,4,18.84954,,Cupressus sempervirens
19,G,"37.4437804 ,-7.9196100",1.35,4.5,21.47080416,,Cupressus sempervirens
20,G,"37.4437655 ,-7.9195859",1.45,4,18.221222,,Cupressus sempervirens
21,G,"37.443741 ,-7.919564",1.6,5,31.4159,,Cupressus sempervirens
22,G,"37.443730 ,-7.919538",1.3,4.5,20.67558919,,Cupressus sempervirens
23,G,"37.443722 ,-7.919528",1.35,5,26.50716563,,Cupressus sempervirens
24,G,"37.443715 ,-7.919510",1.35,5,26.50716563,,Cupressus sempervirens
25,G,"37.443702 ,-7.919499",1.6,5,31.4159,,Cupressus sempervirens
26,G,"37.443690 ,-7.919492",1.5,4,18.84954,,Cupressus sempervirens
27,G,"37.443679 ,-7.919462",1.5,4.5,23.85644906,,Cupressus sempervirens
28,G,"37.443665 ,-7.919439",1.25,4,15.70795,,Cupressus sempervirens
29,G,"37.443652 ,-7.919421",1.75,4,21.99113,,Cupressus sempervirens
30,G,"37.443642 ,-7.919398",1.35,5,26.50716563,,Cupressus sempervirens
31,G,"37.443632 ,-7.919383",1.45,5,28.47065938,,Cupressus sempervirens
32,G,"37.443622 ,-7.919366",1.35,4,16.964586,,Cupressus sempervirens
33,G,"37.443613 ,-7.919352",1.15,3.5,11.06428728,,Cupressus sempervirens
34,G,"37.443607 ,-7.919332",1.4,4.5,22.26601913,,Cupressus sempervirens
35,G,"37.443598 ,-7.919328",1.7,5,33.37939375,,Cupressus sempervirens
36,G,"37.443587 ,-7.919319",1.5,4.5,23.85644906,,Cupressus sempervirens
37,G,"37.443574 ,-7.919294",1.6,5,31.4159,,Cupressus sempervirens
11,G,"37.4436660 ,-7.9197280",2.05,30,1449.058388,,Cydonia oblonga
12,G,"37.4436945 ,-7.9197485",3.7,32,2975.714048,,Cydonia oblonga
13,G,"37.4437339 ,-7.9197710",2.7,34,2451.382677,,Cydonia oblonga
14,G,"37.4437977 ,-7.9197297",3.1,29,2047.609822,,Cydonia oblonga
2,K,"37.4432675,-7.9188600",2.87,27,1643.232211,,Eriobotrya japonica
3,P,"37.443923,-7.917818",4.4,20,1382.2996,1,Eucalyptus globulus
4,P,"37.443908,-7.917733",5.9,25,2896.153281,1,Eucalyptus globulus
55,U,"37.443498,-7.916886",7.5,26,3981.965325,1,Eucalyptus globulus
56,U,"37.443515,-7.916905",5,20,1570.795,1,Eucalyptus globulus
62,U,"37.443300,-7.916245",5,22,1900.66195,1,Eucalyptus globulus
63,U,"37.443300,-7.916245",8,30,5654.862,1,Eucalyptus globulus
64,U,"37.443300,-7.916245",5,14,769.68955,1,Eucalyptus globulus
65,U,"37.443300,-7.916245",9,35,8659.007438,1,Eucalyptus globulus
66,U,"37.443300,-7.916245",9,37,9676.882598,1,Eucalyptus globulus
67,U,"37.443300,-7.916245",5,18,1272.34395,1,Eucalyptus globulus
68,U,"37.443300,-7.916245",1.5,13,199.0982663,1,Eucalyptus globulus
69,U,"37.443300,-7.916245",3,10,235.61925,1,Eucalyptus globulus
70,U,"37.443122,-7.916634",6,18,1526.81274,1,Eucalyptus globulus
71,U,"37.443122,-7.916634",8,26,4247.42968,1,Eucalyptus globulus
50,X,tree trunk 1,24.5,65,81298.45872,1,Eucalyptus globulus
,X,tree trunk 2,24.5,46,40716.5772,1,Eucalyptus globulus
,X,tree trunk 3,23.5,110,223327.7791,1,Eucalyptus globulus
,X,tree trunk 4,11.5,35,11064.28728,1,Eucalyptus globulus
51,X,tree trunk 1,9,35,8659.007438,1,Eucalyptus globulus
,X,tree trunk 2,24,94,166554.5354,1,Eucalyptus globulus
,X,tree trunk 3,15,42,20781.61785,1,Eucalyptus globulus
,X,tree trunk 4,11,31,8302.436973,1,Eucalyptus globulus
52,X,tree trunk 1,13,32,10455.21152,1,Eucalyptus globulus
,X,tree trunk 2,15,42,20781.61785,1,Eucalyptus globulus
,X,tree trunk 3,13,35,12507.45519,1,Eucalyptus globulus
,X,tree trunk 4,22,92,146247.2977,1,Eucalyptus globulus
,X,tree trunk 5,13,18,3308.09427,1,Eucalyptus globulus
,X,tree trunk 6,16,64,51471.81056,1,Eucalyptus globulus
53,X,tree trunk 1,8,12,904.77792,1,Eucalyptus globulus
,X,tree trunk 2,8,14,1231.50328,1,Eucalyptus globulus
54,X,tree trunk 1,12,21,4156.32357,1,Eucalyptus globulus
,X,tree trunk 2,11,26,5840.21581,1,Eucalyptus globulus
,X,tree trunk 3,13,23,5401.178608,1,Eucalyptus globulus
,X,tree trunk 4,12,20,3769.908,1,Eucalyptus globulus
,X,tree trunk 5,13,34,11802.95363,1,Eucalyptus globulus
,X,tree trunk 6,10,57,25517.56478,1,Eucalyptus globulus
,X,tree trunk 7,24,96,173717.3606,1,Eucalyptus globulus
,X,tree trunk 8,22,86,127793.598,1,Eucalyptus globulus
55,X,tree trunk 1,19,85,107815.4418,1,Eucalyptus globulus
56,X,tree trunk 1,7,22,2660.92673,1,Eucalyptus globulus
,X,tree trunk 2,13,30,9189.15075,1,Eucalyptus globulus
57,X,tree trunk 1,11,23,4570.228053,1,Eucalyptus globulus
,X,tree trunk 2,12,30,8482.293,1,Eucalyptus globulus
,X,tree trunk 3,23,82,121463.2942,1,Eucalyptus globulus
,X,tree trunk 4,8,20,2513.272,1,Eucalyptus globulus
58,X,tree trunk 1,10,35,9621.119375,1,Eucalyptus globulus
,X,tree trunk 2,9,37,9676.882598,1,Eucalyptus globulus
,X,tree trunk 3,15,55,35637.41156,1,Eucalyptus globulus
,X,tree trunk 4,21,60,59376.051,1,Eucalyptus globulus
,X,tree trunk 5,23,88,139888.7195,1,Eucalyptus globulus
,X,tree trunk 6,8,47,13879.54462,1,Eucalyptus globulus
,X,tree trunk 7,14,47,24289.20309,1,Eucalyptus globulus
60,X,tree trunk 1,11,30,7775.43525,1,Eucalyptus globulus
,X,tree trunk 2,10,42,13854.4119,1,Eucalyptus globulus
,X,tree trunk 3,20,85,113489.9388,1,Eucalyptus globulus
,X,tree trunk 4,13,40,16336.268,1,Eucalyptus globulus
,X,tree trunk 5,12,36,12214.50192,1,Eucalyptus globulus
61,X,tree trunk 1,14,47,24289.20309,1,Eucalyptus globulus
,X,tree trunk 2,18,55,42764.89388,1,Eucalyptus globulus
,X,tree trunk 3,22,32,17693.43488,1,Eucalyptus globulus
,X,tree trunk 4,12,41,15843.03837,1,Eucalyptus globulus
,X,tree trunk 5,15,46,24928.51665,1,Eucalyptus globulus
,X,tree trunk 6,19,48,34381.56096,1,Eucalyptus globulus
,X,tree trunk 7,11,32,8846.71744,1,Eucalyptus globulus
,X,tree trunk 8,8,31,6038.13598,1,Eucalyptus globulus
62,X,tree trunk 1,21,63,65462.09623,1,Eucalyptus globulus
63,X,tree trunk 1,18,40,22619.448,1,Eucalyptus globulus
,X,tree trunk 2,19,43,27591.79957,1,Eucalyptus globulus
64,X,tree trunk 1,21,55,49892.37619,1,Eucalyptus globulus
65,X,tree trunk 1,20,40,25132.72,1,Eucalyptus globulus
,X,tree trunk 2,15,35,14431.67906,1,Eucalyptus globulus
,X,tree trunk 3,18,39,21502.61276,1,Eucalyptus globulus
,X,tree trunk 4,13,25,6381.354688,1,Eucalyptus globulus
,X,tree trunk 5,12,26,6371.14452,1,Eucalyptus globulus
66,X, ,11,23,4570.228053,1,Eucalyptus globulus
,X,tree trunk 2,18,45,28627.73888,1,Eucalyptus globulus
,X,tree trunk 3,15,33,12829.46816,1,Eucalyptus globulus
67,X,tree trunk 1,10,29,6605.192975,1,Eucalyptus globulus
,X,tree trunk 2,9,21,3117.242678,1,Eucalyptus globulus
68,X,tree trunk 1,17,21,5888.125058,1,Eucalyptus globulus
,X,tree trunk 2,20,32,16084.9408,1,Eucalyptus globulus
,X,tree trunk 3,12,19,3402.34197,1,Eucalyptus globulus
69,X,tree trunk 1,19,45,30218.16881,1,Eucalyptus globulus
70,X,tree trunk 1,22,40,27645.992,1,Eucalyptus globulus
71,X,tree trunk 1,11,26,5840.21581,1,Eucalyptus globulus
72,X,tree trunk 1,6,21,2078.161785,1,Eucalyptus globulus
,X,tree trunk 2,5,20,1570.795,1,Eucalyptus globulus
73,X,tree trunk ,20,105,173180.1488,1,Eucalyptus globulus
74,X,tree trunk 1,10,26,5309.2871,1,Eucalyptus globulus
,X,tree trunk 2,10,25,4908.734375,1,Eucalyptus globulus
75,X,tree trunk 1,18,32,14476.44672,1,Eucalyptus globulus
76,X,tree trunk 1,8,23,3323.80222,1,Eucalyptus globulus
,X,tree trunk 2,12,27,6870.65733,1,Eucalyptus globulus
77,X,tree trunk 1,21,65,69684.39319,1,Eucalyptus globulus
,X,tree trunk 2,13,31,9811.970968,1,Eucalyptus globulus
,X,tree trunk 3,14,32,11259.45856,1,Eucalyptus globulus
,X,tree trunk 4,10,28,6157.5164,1,Eucalyptus globulus
,X,tree trunk 5,10,21,3463.602975,1,Eucalyptus globulus
78,X,tree trunk 1,12,38,13609.36788,1,Eucalyptus globulus
,X,tree trunk 2,13,39,15529.66477,1,Eucalyptus globulus
,X,tree trunk 3,11,31,8302.436973,1,Eucalyptus globulus
79,X,tree trunk 1,8,12,904.77792,1,Eucalyptus globulus
80,X,tree trunk 1,18,41,23764.55756,1,Eucalyptus globulus
,X,tree trunk 2,16,30,11309.724,1,Eucalyptus globulus
81,X,tree trunk 1,10,30,7068.5775,1,Eucalyptus globulus
82,X,tree trunk 1,21,65,69684.39319,1,Eucalyptus globulus
,X,tree trunk 2,18,52,38226.86712,1,Eucalyptus globulus
,X,tree trunk 3,12,30,8482.293,1,Eucalyptus globulus
,X,tree trunk 4,13,24,5881.05648,1,Eucalyptus globulus
83,X,tree trunk 1,9,22,3421.19151,1,Eucalyptus globulus
84,X,tree trunk 1,18,53,39711.2684,1,Eucalyptus globulus
,X,tree trunk 2,11,26,5840.21581,1,Eucalyptus globulus
,X,tree trunk 3,11,32,8846.71744,1,Eucalyptus globulus
,X,tree trunk 4,8,17,1815.83902,1,Eucalyptus globulus
,X,tree trunk 5,15,38,17011.70985,1,Eucalyptus globulus
,X,tree trunk 6,7,18,1781.28153,1,Eucalyptus globulus
85,X,tree trunk 1,12,25,5890.48125,1,Eucalyptus globulus
,X,tree trunk 2,14,36,14250.25224,1,Eucalyptus globulus
,X,tree trunk 3,16,35,15393.791,1,Eucalyptus globulus
86,X,tree trunk 1,12,21,4156.32357,1,Eucalyptus globulus
87,X,tree trunk 1,22,51,44942.01575,1,Eucalyptus globulus
88,X,tree trunk 1,12,35,11545.34325,1,Eucalyptus globulus
,X,tree trunk 2,13,39,15529.66477,1,Eucalyptus globulus
,X,tree trunk 3,23,63,71696.58158,1,Eucalyptus globulus
89,X,tree trunk 1,21,54,48094.60131,1,Eucalyptus globulus
,X,tree trunk 2,7,27,4007.883443,1,Eucalyptus globulus
,X,tree trunk 3,15,34,13618.79265,1,Eucalyptus globulus
,X,tree trunk 4,15,33,12829.46816,1,Eucalyptus globulus
,X,tree trunk 5,6,15,1060.286625,1,Eucalyptus globulus
,X,tree trunk 6,7,18,1781.28153,1,Eucalyptus globulus
,X,tree trunk 7,21,90,133596.1148,1,Eucalyptus globulus
90,X,tree trunk 1,10,28,6157.5164,1,Eucalyptus globulus
91,X,tree trunk 1,12,32,9650.96448,1,Eucalyptus globulus
92,X,tree trunk 1,7,15,1237.001063,1,Eucalyptus globulus
,X,tree trunk 2,8,22,3041.05912,1,Eucalyptus globulus
93,X,tree trunk 1,8,23,3323.80222,1,Eucalyptus globulus
,X,tree trunk 2,21,62,63400.42779,1,Eucalyptus globulus
94,X,tree trunk 1,21,65,69684.39319,1,Eucalyptus globulus
,X,tree trunk 2,13,22,4941.72107,1,Eucalyptus globulus
95,X,tree trunk 1,8,23,3323.80222,1,Eucalyptus globulus
,X,tree trunk 2,13,20,4084.067,1,Eucalyptus globulus
,X,tree trunk 3,9,12,1017.87516,1,Eucalyptus globulus
,X,tree trunk 4,14,28,8620.52296,1,Eucalyptus globulus
,X,tree trunk 5,15,32,12063.7056,1,Eucalyptus globulus
96,X,tree trunk 1,19,40,23876.084,1,Eucalyptus globulus
,X,tree trunk 2,17,39,20308.02316,1,Eucalyptus globulus
,X,tree trunk 3,17,35,16355.90294,1,Eucalyptus globulus
97,X,tree trunk 1,22,65,73002.69763,1,Eucalyptus globulus
,X,tree trunk 2,22,63,68579.33891,1,Eucalyptus globulus
98,X,tree trunk 1,22,70,84665.8505,1,Eucalyptus globulus
,X,tree trunk 2,20,58,52841.5438,1,Eucalyptus globulus
,X,tree trunk 3,15,45,23856.44906,1,Eucalyptus globulus
,X,tree trunk 4,11,34,9987.11461,1,Eucalyptus globulus
,X,tree trunk 5,16,38,18145.82384,1,Eucalyptus globulus
99,X,tree trunk 1,17,45,27037.30894,1,Eucalyptus globulus
100,X,tree trunk 1,19,58,50199.46661,1,Eucalyptus globulus
,X,tree trunk 2,23,86,133602.3979,1,Eucalyptus globulus
,X,tree trunk 3,14,39,16724.25437,1,Eucalyptus globulus
101,X,tree trunk 1,22,53,48535.99471,1,Eucalyptus globulus
,X,tree trunk 2,22,55,52268.20363,1,Eucalyptus globulus
102,X,tree trunk 1,23,58,60767.77537,1,Eucalyptus globulus
,X,tree trunk 2,15,32,12063.7056,1,Eucalyptus globulus
,X,tree trunk 3,14,30,9896.0085,1,Eucalyptus globulus
,X,tree trunk 4,12,29,7926.23157,1,Eucalyptus globulus
,X,tree trunk 5,18,54,41223.94398,1,Eucalyptus globulus
,X,tree trunk 6,23,46,38223.72553,1,Eucalyptus globulus
,X,tree trunk 7,18,36,18321.75288,1,Eucalyptus globulus
103,X,tree trunk 1,23,46,38223.72553,1,Eucalyptus globulus
104,X,tree trunk 1,16,48,28952.89344,1,Eucalyptus globulus
,X,tree trunk 2,17,20,5340.703,1,Eucalyptus globulus
,X,tree trunk 3,15,55,35637.41156,1,Eucalyptus globulus
,X,tree trunk 4,10,20,3141.59,1,Eucalyptus globulus
105,X,tree trunk 1,23,55,54644.03106,1,Eucalyptus globulus
,X,tree trunk 1,23,54,52675.03953,1,Eucalyptus globulus
,X,tree trunk 2,24,57,61242.15546,1,Eucalyptus globulus
,X,tree trunk 3,14,30,9896.0085,1,Eucalyptus globulus
16,A,"37.444208,-7.919880",5.6,83,30299.37891,,Ficus carica
20,A,"37.444377,-7.919898",6,114,61242.15546,,Ficus carica
6,G,"37.4434115 ,-7.9194877",2,30,1413.7155,,Ficus carica
7,G,"37.4435507 ,-7.9196436",4,32,3216.98816,,Ficus carica
8,G,"37.4436071 ,-7.9196771",2.2,32,1769.343488,,Ficus carica
9,G,"37.4436375 ,-7.919942",2.22,28,1366.968641,,Ficus carica
10,G,"37.4436540 ,-7.9197156",3.5,40,4398.226,,Ficus carica
1,J,"37.443381,-7.918490",3.7,30,2615.373675,,Ficus carica
4,R,"37.443315,-7.918241",4.2,18,1068.768918,,melia azedarach
33,A,"37.444566,-7.919778",2.7,30,1908.515925,,Mespilus germanica
34,A,"37.444623,-7.919756",4.2,66,14369.00434,,Mespilus germanica
1,H,"37.4432765,-7.9193911",3.2,27,1832.175288,,Mespilus germanica
4,H,"37.4431682,-7.9191946",4.05,33,3463.956404,,Myoporum Laetrum
5,H,"37.4431682,-7.9191947",3,16,603.18528,,Myoporum Laetrum
6,H,"37.4431682,-7.9191948",3.8,18,966.981402,,Myoporum Laetrum
7,H,"37.4432566,-7.9190790",3,21,1039.080893,,Myoporum Laetrum
8,H,"37.4432566,-7.9190791",4.7,33,4019.900024,,Myoporum Laetrum
9,H,"37.4432566,-7.9190792",4.6,24,2080.989216,,Myoporum Laetrum
10,H,"37.4432566,-7.9190793",4.2,37,4515.878546,,Myoporum Laetrum
N/A,L,N/A,N/A,N/A,#VALUE!,,N/A
1,A,"37.443835,-7.922518",4.2,81,21642.57059,1,Olea europaea
2,A,"37.444066,-7.919744",5.42,92,36030.01606,1,Olea europaea
3,A,"37.444022,-7.919787",2.6,47,4510.852002,1,Olea europaea
4,A,"37.444006,-7.919814",3.5,72,14250.25224,1,Olea europaea
5,A,"37.444011,-7.919844",3.2,63,9975.176568,1,Olea europaea
6,A,"37.444113,-7.919864",3.3,65,10950.40464,1,Olea europaea
7,A,"37.444145,-7.919910",4.1,79,20096.82977,1,Olea europaea
8,A,"37.444201,-7.919912",3.2,102,26148.08189,1,Olea europaea
9,A,"37.444208,-7.919889",3.5,70,13469.56713,1,Olea europaea
10,A,"37.444211,-7.919856",2.2,44,3345.165032,1,Olea europaea
11,A,"37.444212,-7.919772",2.9,40,3644.2444,1,Olea europaea
12,A,"37.444142,-7.919764",2.2,51,4494.201575,1,Olea europaea
13,A,"37.444166,-7.919725",5.2,88,31627.01485,1,Olea europaea
14,A,"37.444166,-7.919725",5.3,96,38362.58381,1,Olea europaea
15,A,"37.444229,-7.919715",2.7,66,9237.217077,1,Olea europaea
17,A,"37.444261,-7.919655",2.3,55,5464.403106,1,Olea europaea
18,A,"37.444321,-7.919692",2.2,51,4494.201575,1,Olea europaea
19,A,"37.444298,-7.919951",2.4,63,7481.382426,1,Olea europaea
47,A,"37.444864,-7.919995",3,54,6870.65733,1,Olea europaea
48,A,"37.444611,-7.919886",2.7,46,4487.132997,1,Olea europaea
49,A,"37.444386,-7.919935",3.3,65,10950.40464,1,Olea europaea
50,A,"37.444794,-7.919586",5.4,98,40731.97099,1,Olea europaea
51,A,"37.444832,-7.919833",5.6,111,54190.54255,1,Olea europaea
52,A,"37.444429,-7.919739",3.1,72,12621.65198,1,Olea europaea
53,A,"37.444216,-7.919770",5,102,40856.37795,1,Olea europaea
54,A,"37.444744,-7.919269",4.8,96,34743.47213,1,Olea europaea
55,A,"37.444590,-7.919686",5.5,60,15550.8705,1,Olea europaea
56,A,"37.444390,-7.919602",4.6,53,10148.43526,1,Olea europaea
57,A,"37.444354,-7.919555",6.9,65,22896.30062,1,Olea europaea
58,A,"37.444425,-7.919673",5.6,132,76634.68982,1,Olea europaea
1,B,"37.444783,-7.919555",5,40,6283.18,1,Olea europaea
2,B,"37.444852,-7.919500",1.8,30,1272.34395,1,Olea europaea
3,B,"37.444890,-7.919416",5,67,17628.24689,1,Olea europaea
4,B,"37.444821,-7.919425",3,30,2120.57325,1,Olea europaea
1,C,"37.4451439,-7.9192932",2.7,41,3564.683633,1,Olea europaea
2,C,"37.4451966,-7.9192932",2.6,47,4510.852002,1,Olea europaea
3,C,"37.4452216,-7.9191138",2.4,43,3485.279946,1,Olea europaea
4,C,"37.4453097,-7.9191205",1.7,36,1730.387772,1,Olea europaea
5,C,"37.4452687,-7.9190622",2.2,38,2495.050778,1,Olea europaea
6,C,"37.4452972,-7.9189804",2.3,57,5869.039898,1,Olea europaea
7,C,"37.4454042,-7.9188647",2.5,40,3141.59,1,Olea europaea
8,C,"37.4454729,-7.9188909",2.8,38,3175.519172,1,Olea europaea
10,C,"37.4454833,-7.9188503",2.3,34,2088.214873,1,Olea europaea
11,C,"37.4455280,-7.9188553",2.3,39,2747.556074,1,Olea europaea
12,C,"37.4455040,-7.9187625",2.3,70,8851.429825,1,Olea europaea
13,C,"37.4454545,-7.9187440",2.1,45,3339.902869,1,Olea europaea
14,C,"37.4455990,-7.9187564",2.1,38,2381.639379,1,Olea europaea
15,C,"37.4456403,-7.9188121",1.7,55,4038.906644,1,Olea europaea
16,C,"37.4456443,-7.9187718",1.9,49,3582.904855,1,Olea europaea
17,C,"37.4457204,-7.9187494",2.1,50,4123.336875,1,Olea europaea
18,C,"37.4456744,-7.9186910",1.9,46,3157.612109,1,Olea europaea
19,C,"37.4457384,-7.9185720",2.6,26,1380.414646,1,Olea europaea
20,C,"37.4458280,-7.9185435",1.9,42,2632.338261,1,Olea europaea
21,C,"37.4457457,-7.9184382",1.7,35,1635.590294,1,Olea europaea
22,C,"37.4457119,-7.9184667",1.8,30,1272.34395,1,Olea europaea
23,C,"37.4456230,-7.9185207",1.8,50,3534.28875,1,Olea europaea
24,C,"37,4456853 -7,9184074",2,40,2513.272,1,Olea europaea
25,C,"37,4456861 -7,9183561",2.2,45,3498.945863,1,Olea europaea
26,C,"37,4456174 -7,9182585",1.7,34,1543.463167,1,Olea europaea
27,C,"37,4455754 -7,9183598",2,30,1413.7155,1,Olea europaea
28,C,"37,4455471 -7,9182733",2.3,44,3497.217988,1,Olea europaea
29,C,"37,4455309 -7,9181610",2.3,57,5869.039898,1,Olea europaea
31,C,"37,44553981 -7,9179015",3.6,37,3870.753039,1,Olea europaea
32,C,"37,4453744 -7,9179672",2.7,13,358.3768793,1,Olea europaea
33,C,"37,4453475 -7,9180007",3.7,65,12277.72642,1,Olea europaea
34,C,"37,4453605 -7,9180279",2.3,46,3822.372553,1,Olea europaea
35,C,"37,4453305 -7,9180540",5,75,22089.30469,1,Olea europaea
36,C,"37,44552666 -7,9182880",1.8,8,90.477792,1,Olea europaea
37,C,"37,44552187 -7,9184047",3.7,12,418.459788,1,Olea europaea
38,C,"37,4453821 -7,9184751",2.4,23,997.140666,1,Olea europaea
41,C,"37,4453906 -7,9186267",2.1,50,4123.336875,1,Olea europaea
42,C,"37,4453749 -7,9186542",2.5,14,384.844775,1,Olea europaea
1,D,"37.4448870, -7.9192657",2.1,61,6137.174605,1,Olea europaea
3,D,"37.4449839, -7.9191856",3,34,2723.75853,1,Olea europaea
8,D,"37.4450893, -7.9188389",4.81,62,14521.71703,1,Olea europaea
80,E,"    37.4444126,-7.9180655",4.3,24,1945.272528,1,Olea europaea
5,I,"37.443633,-7.918393",2.3,11,218.5761243,1,Olea europaea
6,I,"37.443630,-7.918382",2.5,13,331.8304438,1,Olea europaea
7,I,"37.443653,-7.918398",13.6,104,115530.0873,1,Olea europaea
76,I,"37.443577,-7.918725",2.77,29,1829.638454,1,Olea europaea
77,I,"37.443709,-7.919018",1.6,3,11.309724,1,Olea europaea
7,M,"37.444722,-7.917200",2.9,30,2049.887475,1,Olea europaea
8,M,"37.444630,-7.917149",2.8,40,3518.5808,1,Olea europaea
9,M,"37.444644,-7.917058",2.5,45,3976.074844,1,Olea europaea
10,M,"37.444572,-7.917046",2.7,50,5301.433125,1,Olea europaea
11,M,"37.444539,-7.917979",2.6,35,2501.491038,1,Olea europaea
12,M,"37.444583,-7.917902",2.3,50,4516.035625,1,Olea europaea
13,M,"37.444540,-7.917803",2.2,37,2365.460191,1,Olea europaea
14,M,"37.444503,-7.917911",2.4,35,2309.06865,1,Olea europaea
15,M,"37.444462,-7.917836",2.35,50,4614.210313,1,Olea europaea
16,M,"37.444482,-7.917641",2.3,25,1129.008906,1,Olea europaea
17,M,"37.444406,-7.917675",2.4,60,6785.8344,1,Olea europaea
18,M,"37.444361,-7.917610",2.5,30,1767.144375,1,Olea europaea
19,M,"37.444320,-7.917523",2.3,30,1625.772825,1,Olea europaea
20,M,"37.444401,-7.917509",2.3,30,1625.772825,1,Olea europaea
21,M,"37.444381,-7.917463",2.2,33,1881.655331,1,Olea europaea
22,M,"37.444341,-7.917383",2.1,35,2020.435069,1,Olea europaea
26,M,"37.444329,-7.917548",3.3,40,4146.8988,1,Olea europaea
27,M,"37.444295,-7.917455",4.3,40,5403.5348,1,Olea europaea
28,M,"37.444074,-7.917021",2.7,20,848.2293,1,Olea europaea
29,M,"37.444051,-7.917958",3.1,11,294.6026023,1,Olea europaea
1,T,"37.443590,-7.916195",2.7,80,13571.6688,1,Olea europaea
2,T,"37.443548,-7.916254",3,20,942.477,1,Olea europaea
3,T,"37.443471,-7.916324",3.3,40,4146.8988,1,Olea europaea
4,T,"37.443481,-7.916364",3.6,40,4523.8896,1,Olea europaea
5,T,"37.443546,-7.916357",3.5,55,8315.396031,1,Olea europaea
7,T,"37.443630,-7.916315",3.2,40,4021.2352,1,Olea europaea
8,T,"37.443677,-7.916363",4.6,35,4425.714913,1,Olea europaea
9,T,"37.443695,-7.916369",4,50,7853.975,1,Olea europaea
10,T,"37.443634,-7.916424",2.4,5,47.12385,1,Olea europaea
11,T,"37.443663,-7.916550",3.8,45,6043.633763,1,Olea europaea
14,T,"37.443740,-7.916518",4.5,66,15395.3618,1,Olea europaea
16,T,"37.443795,-7.916493",4.3,32,3458.262272,1,Olea europaea
17,T,"37.443838,-7.916510",4.5,40,5654.862,1,Olea europaea
18,T,"37.443820,-7.916545",5,53,11030.90789,1,Olea europaea
20,T,"37.443759,-7.916658",5,55,11879.13719,1,Olea europaea
21,T,"37.443769,-7.916635",5.2,60,14702.6412,1,Olea europaea
22,T,"37.443871,-7.916718",5.5,65,18250.67441,1,Olea europaea
23,T,"37.443904,-7.916643",3.2,30,2261.9448,1,Olea europaea
24,T,"37.443969,-7.916646",3.1,30,2191.259025,1,Olea europaea
26,T,"37.444955,-7.916751",5,50,9817.46875,1,Olea europaea
27,T,"37.443880,-7.916806",4.3,50,8443.023125,1,Olea europaea
28,T,"37.443827,-7.916838",4.3,50,8443.023125,1,Olea europaea
30,T,"37.443855,-7.916852",3.3,38,3742.576167,1,Olea europaea
32,T,"37.443903,-7.916022",2.5,47,4337.357694,1,Olea europaea
33,T,"37.443055,-7.916059",4.2,40,5277.8712,1,Olea europaea
34,T,"37.443855,-7.917059",2.5,27,1431.386944,1,Olea europaea
35,T,"37.443900,-7.917146",3.5,58,9247.270165,1,Olea europaea
36,T,"37.443915,-7.917150",4.7,50,9228.420625,1,Olea europaea
37,T,"37.443930,-7.917268",4,43,5808.79991,1,Olea europaea
38,T,"37.443850,-7.917293",4.7,63,14651.04058,1,Olea europaea
39,T,"37.443853,-7.917345",4.8,36,4885.800768,1,Olea europaea
40,T,"37.443839,-7.917422",4.4,36,4478.650704,1,Olea europaea
41,T,"37.443786,-7.917434",5.1,105,44160.93793,1,Olea europaea
42,T,"37.443708,-7.917531",4.2,12,475.008408,1,Olea europaea
43,T,"37.443651,-7.917724",4.5,20,1413.7155,1,Olea europaea
40,W,"37.4430500,-7.9167165",3.4,41,4488.860872,1,Olea europaea
68,W,"37.4427926,-7.9163307",7,81,36070.95098,1,Olea europaea
69,W,"37.4428208,-7.9163562",4.2,56,10344.62755,1,Olea europaea
70,W,"37.4427982,-7.9161805",3.2,39,3822.686712,1,Olea europaea
72,W,"37.442801,-7.916053",2,48,3619.11168,1,Olea europaea
74,W,"37.4429217,-7.9163448",6,115,62321.29163,1,Olea europaea
75,W,"37.4429198,-7.9164246",4.1,85,23265.43744,1,Olea europaea
20,Y,"37.442739,-7.915834",2.7,3,19.08515925,1,Olea europaea
9,Z,"37.442896,-7.916048",1.8,1,1.4137155,1,Olea europaea
75,I,"37.443582,-7.918759",10.1,174,240164.8166,,Phoenix canariensis
1,E,"37.4440628,-7.9191886",6.1,64,19623.62778,2,Pinus halepensis
2,E,"37.4440937,-7.9192292",6.2,74,26665.1876,2,Pinus halepensis
3,E,"37.4441536,-7.9192794",5.2,62,15699.15355,2,Pinus halepensis
4,E,"37.4442106,-7.9193133",5.2,80,26138.0288,2,Pinus halepensis
5,E,"37.4442500,-7.9193378",4.7,57,11993.25544,2,Pinus halepensis
6,E,"37.4442825,-7.9193710",5.2,56,12807.63411,2,Pinus halepensis
7,E,"37.4442995,-7.9194062",5.2,55,12354.30268,2,Pinus halepensis
8,E,"37.4443418,-7.9194199",5.2,57,13269.13368,2,Pinus halepensis
9,E,"37.4443410,-7.9194585",5.1,58,13474.59367,2,Pinus halepensis
10,E,"37.4443701,-7.9194045",4.8,64,15441.54317,2,Pinus halepensis
11,E,"37.4443267,-7.9193629",4.5,51,9192.685039,2,Pinus halepensis
12,E,"37.4442383,-7.9193438",4.3,45,6838.848731,2,Pinus halepensis
13,E,"37.4442135,-7.9193118",4.8,55,11403.9717,2,Pinus halepensis
14,E,"37.4441821,-7.9192798",5.3,56,13053.93477,2,Pinus halepensis
15,E,"37.4441307,-7.9192332",4.8,55,11403.9717,2,Pinus halepensis
16,E,"37.4441102,-7.9192050",4.8,55,11403.9717,2,Pinus halepensis
17,E,"37.4441081,-7.9191427",7.1,84,39346.5298,2,Pinus halepensis
18,E,"37.4441398,-7.9191889",4.8,52,10193.83123,2,Pinus halepensis
19,E,"37.4441611,-7.9192164",4.7,50,9228.420625,2,Pinus halepensis
20,E,"37.4441925,-7.9192419",4.2,40,5277.8712,2,Pinus halepensis
21,E,"37.4442335,-7.9193019",4.4,56,10837.22886,2,Pinus halepensis
22,E,"37.4442497,-7.9193411",4.3,57,10972.55285,2,Pinus halepensis
23,E,"37.4442825,-7.9193676",4.4,66,15053.24264,2,Pinus halepensis
24,E,"37.4443323,-7.9194166",3.8,50,7461.27625,2,Pinus halepensis
25,E,"37.4443708,-7.9194075",3.9,72,15878.8525,2,Pinus halepensis
26,E,"37.4443200,-7.9193549",4.8,63,14962.76485,2,Pinus halepensis
27,E,"37.4442953,-7.9193207",4.8,57,12248.43109,2,Pinus halepensis
28,E,"37.4442705,-7.9192999",4.6,57,11738.0798,2,Pinus halepensis
29,E,"37.4442420,-7.9192721",4.6,57,11738.0798,2,Pinus halepensis
30,E,"37.4442090,-7.9192466",4.5,64,14476.44672,2,Pinus halepensis
31,E,"37.4441896,-7.9192027",5.1,63,15897.93766,2,Pinus halepensis
32,E,"37.4441693,-7.9191752",5.3,63,16521.38619,2,Pinus halepensis
33,E,"37.4441299,-7.9191752",6.8,86,39499.83939,2,Pinus halepensis
34,E,"37.4442202,-7.9192040",4.5,53,9927.817099,2,Pinus halepensis
35,E,"37.4442505,-7.9192251",4.4,57,11227.7285,2,Pinus halepensis
36,E,"37.4442732,-7.9192526",4.5,52,9556.71678,2,Pinus halepensis
37,E,"37.4443056,-7.9192882",4.6,58,12153.55507,2,Pinus halepensis
38,E,"37.4443418,-7.9193240",4,45,6361.71975,2,Pinus halepensis
39,E,"37.4443663,-7.9193535",4.1,44,6234.171196,2,Pinus halepensis
40,E,"37.4443988,-7.9193874",4.3,47,7460.255233,2,Pinus halepensis
41,E,"37.4444520,-7.9193944",4.3,59,11756.0654,2,Pinus halepensis
42,E,"37.4444033,-7.9193489",3.8,50,7461.27625,2,Pinus halepensis
43,E,"37.4443392,-7.9192862",4.4,63,13715.86778,2,Pinus halepensis
44,E,"37.4442878,-7.9192359",5.5,62,16604.87395,2,Pinus halepensis
45,E,"37.4442436,-7.9191668",5,48,9047.7792,2,Pinus halepensis
46,E,"37.4442119,-7.9191443",5.6,48,10133.5127,2,Pinus halepensis
47,E,"37.4441757,-7.9191098",6.4,74,27525.35494,2,Pinus halepensis
48,E,"37.4441824,-7.9190605   ",6.8,82,35910.88697,2,Pinus halepensis
49,E,"37.4442372,-7.9191289",4.7,48,8504.912448,2,Pinus halepensis
50,E,"37.4442790,-7.9191725",4.6,44,6994.435976,2,Pinus halepensis
51,E,"37.4443102,-7.9191993",4.8,54,10993.05173,2,Pinus halepensis
52,E,"37.4443309,-7.9192318",4.7,57,11993.25544,2,Pinus halepensis
53,E,"37.4443645,-7.9192510",4.5,53,9927.817099,2,Pinus halepensis
54,E,"37.4443921,-7.9192888",4.3,62,12981.99236,2,Pinus halepensis
55,E,"37.4444371,-7.9193351",3.8,51,7762.711811,2,Pinus halepensis
56,E,"37.4444773,-7.9193348",3.7,45,5884.590769,2,Pinus halepensis
57,E,"37.4444201,-7.9192714",4.4,52,9344.345296,2,Pinus halepensis
58,E,"37.4443969,-7.9192453",5.5,55,13067.05091,2,Pinus halepensis
59,E,"37.4443437,-7.9191929",5.9,57,15055.36322,2,Pinus halepensis
60,E,"37.4442905,-7.9191366",5.7,50,11191.91438,2,Pinus halepensis
61,E,"37.4442617,-7.9191088",6.3,74,27095.27127,2,Pinus halepensis
62,E,"37.4442311,-7.9190743",6.6,63,20573.80167,2,Pinus halepensis
63,E,"37.4442686,-7.9190659",4.2,42,5818.852998,2,Pinus halepensis
64,E,"37.4443213,-7.9191259",4.1,57,10462.20156,2,Pinus halepensis
65,E,"37.4443983,-7.9192131",4.5,54,10305.986,2,Pinus halepensis
66,E,"37.4444536,-7.9192563",4.6,59,12576.25601,2,Pinus halepensis
67,E,"37.4444552,-7.9192188",4.7,52,9981.459748,2,Pinus halepensis
68,E,"37.4444225,-7.9191936",4.6,47,7980.738157,2,Pinus halepensis
69,E,"37.4443919,-7.9191554",5.2,48,9409.690368,2,Pinus halepensis
70,E,"37.4443397,-7.9191021",5.1,58,13474.59367,2,Pinus halepensis
71,E,"37.4442982,-7.9190608",5.2,54,11909.13937,2,Pinus halepensis
72,E,"    37.4442803,-7.9189733",6.7,78,32015.00121,2,Pinus halepensis
73,E,"    37.4443706,-7.9180689",4,30,2827.431,2,Pinus halepensis
74,E,"    37.4444587,-7.9181534",4.2,40,5277.8712,2,Pinus halepensis
75,E,"    37.4445242,-7.9182104",2.7,22,1026.357453,2,Pinus halepensis
76,E,"    37.4444937,-7.9182603",4.8,40,6031.8528,2,Pinus halepensis
77,E,"    37.4445372,-7.9181886",3.2,24,1447.644672,2,Pinus halepensis
78,E,"    37.4445196,-7.9181651",4,25,1963.49375,2,Pinus halepensis
79,E,"    37.4444544,-7.9180974",7.4,79,36272.3269,2,Pinus halepensis
81,E,"    37.4445511,-7.9182781",5.5,62,16604.87395,2,Pinus halepensis
82,E,"    37.4445511,-7.9181748",2.8,24,1266.689088,2,Pinus halepensis
83,E,"    37.4443666,-7.9180310",5.5,42,7619.926545,2,Pinus halepensis
84,E,"    37.4443525,-7.9189998",5,54,11451.09555,2,Pinus halepensis
85,E,"    37.4443402,-7.9189596",7.2,60,20357.5032,2,Pinus halepensis
86,E,"    37.4444060,-7.9180153",5,45,7952.149688,2,Pinus halepensis
87,E,"    37.4445758,-7.9181695",3.1,20,973.8929,2,Pinus halepensis
88,E,"    37.4446064,-7.9181997",3.8,28,2339.856232,2,Pinus halepensis
89,E,"    37.4446307,-7.9181738",3.2,20,1005.3088,2,Pinus halepensis
90,E,"    37.4446168,-7.9181537",3.2,21,1108.352952,2,Pinus halepensis
91,E,"    37.4446003,-7.9181329",3.2,29,2113.661752,2,Pinus halepensis
92,E,"    37.4445843,-7.9181120",4.1,34,3722.469991,2,Pinus halepensis
93,E,"    37.4444819,-7.9180488",4.6,54,10535.00791,2,Pinus halepensis
94,E,"    37.4444483,-7.9180005",4.6,58,12153.55507,2,Pinus halepensis
95,E,"37.4444097,-7.9189854",3.6,47,6245.795079,2,Pinus halepensis
96,E,"37.4443828,-7.9189586",3.6,49,6788.661831,2,Pinus halepensis
97,E,"37.4443575,-7.9189231",6.1,57,15565.71451,2,Pinus halepensis
98,E,"37.4443426,-7.9188791",5.4,65,17918.84396,2,Pinus halepensis
99,E,"37.4444020,-7.9189244",5,53,11030.90789,2,Pinus halepensis
100,E,"37.4444912,-7.9189992",5.5,44,8362.91258,2,Pinus halepensis
101,E,"37.4445196,-7.9180216",6.1,60,17247.3291,2,Pinus halepensis
102,E,"37.4445428,-7.9180582",6,66,20527.14906,2,Pinus halepensis
103,E,"37.4446653,-7.9181551",3.4,48,6152.489856,2,Pinus halepensis
104,E,"37.4446501,-7.9181306",3.1,37,3333.14845,2,Pinus halepensis
105,E,"37.4446368,-7.9181091",3.6,33,3079.072359,2,Pinus halepensis
106,E,"37.4446176,-7.9180820",4.4,55,10453.64073,2,Pinus halepensis
107,E,"37.4445819,-7.9180474",5.3,60,14985.3843,2,Pinus halepensis
108,E,"37.4445508,-7.9189971",4.9,64,15763.24198,2,Pinus halepensis
109,E,"37.4445173,-7.9189613",4.9,63,15274.48912,2,Pinus halepensis
110,E,"37.4444539,-7.9189257",4.8,58,12681.97051,2,Pinus halepensis
111,E,"37.4443839,-7.9188785",5,60,14137.155,2,Pinus halepensis
112,E,"37.4443621,-7.9188218",6.1,84,33804.76504,2,Pinus halepensis
113,E,"37.4444047,-7.9188369",4.5,54,10305.986,2,Pinus halepensis
114,E,"37.4444318,-7.9188667",5,64,16084.9408,2,Pinus halepensis
115,E,"37.4444395,-7.9187809",5.1,62,15397.24675,2,Pinus halepensis
116,E,"37.4444672,-7.9188282",4.6,39,5495.112149,2,Pinus halepensis
117,E,"37.4444558,-7.9182299",5.4,65,17918.84396,2,Pinus halepensis
118,E,"37.4444811,-7.9188332",5.5,67,19391.07158,2,Pinus halepensis
119,E,"37.4444962,-7.9187993",5.8,67,20448.76639,2,Pinus halepensis
120,E,"37.4442571,-7.9189150",5.3,53,11692.76236,2,Pinus halepensis
121,E,"37.4445673,-7.9189542",4.5,42,6234.485355,2,Pinus halepensis
122,E,"37.4445995,-7.9189978",4.5,47,7807.243849,2,Pinus halepensis
123,E,"37.4446248,-7.9180317",4.3,51,8784.121259,2,Pinus halepensis
124,E,"37.4446583,-7.9180682",4,46,6647.60444,2,Pinus halepensis
125,E,"37.4446911,-7.9181178",6,70,23090.6865,2,Pinus halepensis
126,E,"37.4446977,-7.9180716",4,50,7853.975,2,Pinus halepensis
127,E,"37.4446722,-7.9180387",3.8,34,3450.094138,2,Pinus halepensis
128,E,"37.4446591,-7.9180169",5,35,4810.559688,2,Pinus halepensis
129,E,"37.4446349,-7.9189911",5,56,12315.0328,2,Pinus halepensis
130,E,"37.4446054,-7.9189509",5.8,72,23614.70371,2,Pinus halepensis
131,E,"37.4445702,-7.9189130",5.7,64,18336.83251,2,Pinus halepensis
132,E,"37.4445835,-7.9188570",6.4,71,25338.8083,2,Pinus halepensis
133,E,"37.4446115,-7.9188932",5.1,53,11251.52605,2,Pinus halepensis
134,E,"37.4446341,-7.9189180",5.2,47,9021.704003,2,Pinus halepensis
135,E,"37.4446488,-7.9189492",6,54,13741.31466,2,Pinus halepensis
136,E,"37.4446791,-7.9189787",4.3,48,7781.090112,2,Pinus halepensis
137,E,"37.4447015,-7.9180122",5.1,62,15397.24675,2,Pinus halepensis
138,E,"37.4447302,-7.9180119",5,39,5972.947988,2,Pinus halepensis
139,E,"37.4447273,-7.9190096",3.2,35,3078.7582,2,Pinus halepensis
140,E,"37.4446831,-7.9199264",5,66,17105.95755,2,Pinus halepensis
141,E,"37.4446658,-7.9188744",4.9,64,15763.24198,2,Pinus halepensis
142,E,"37.4446384,-7.9188526",4.5,61,13151.08844,2,Pinus halepensis
143,E,"37.4446120,-7.9188198",4.4,57,11227.7285,2,Pinus halepensis
144,E,"37.4446405,-7.9187967",4.5,64,14476.44672,2,Pinus halepensis
145,E,"37.4446796,-7.9188379",3.8,38,4309.633162,2,Pinus halepensis
146,E,"37.4447262,-7.9189267",4.5,67,15865.4222,2,Pinus halepensis
147,E,"37.4447600,-7.9189117",4.6,48,8323.956864,2,Pinus halepensis
148,E,"37.4447765,-7.9189780",7.4,62,22341.10313,2,Pinus halepensis
149,E,"37.4446786,-7.9188054",4,54,9160.87644,2,Pinus halepensis
150,E,"37.4447073,-7.9187812",4,64,12867.95264,2,Pinus halepensis
151,E,"37.4446977,-7.9187329",4,62,12076.27196,2,Pinus halepensis
152,E,"37.4447667,-7.9187749",4.1,67,14455.16245,2,Pinus halepensis
153,E,"37.4447435,-7.9187229",4.1,51,8375.55748,2,Pinus halepensis
154,E,"37.4442329,-7.9186850",3.8,49,7165.809711,2,Pinus halepensis
155,E,"37.4447142,-7.9186625",3.9,36,3969.713124,2,Pinus halepensis
156,E,"37.4447584,-7.9187675",3.9,41,5148.98747,2,Pinus halepensis
157,E,"37.4446514,-7.9185439",4.4,75,19438.58813,2,Pinus halepensis
160,E,"37.4446328,-7.9185200",4.8,45,7634.0637,2,Pinus halepensis
161,E,"37.4446131,-7.9184939",4.9,67,17275.68195,2,Pinus halepensis
162,E,"37.4445950,-7.9184590",4.9,65,16259.69174,2,Pinus halepensis
163,E,"37.4448665,-7.9184010",5,67,17628.24689,2,Pinus halepensis
164,E,"37.4445090,-7.9183206",6,85,34046.98163,2,Pinus halepensis
165,E,"37.4445055,-7.9182314",3.8,52,8070.116392,2,Pinus halepensis
166,E,"37.4445322,-7.9182740",2.9,27,1660.408855,2,Pinus halepensis
167,E,"37.4446027,-7.9183906",3.9,46,6481.414329,2,Pinus halepensis
168,E,"37.4446344,-7.9184349",4.8,65,15927.8613,2,Pinus halepensis
169,E,"37.4446456,-7.9184647",4.7,49,8862.975168,2,Pinus halepensis
170,E,"37.4446791,-7.9185070",4.3,80,21614.1392,2,Pinus halepensis
171,E,"37.4447113,-7.9185502",5,67,17628.24689,2,Pinus halepensis
172,E,"37.4447401,-7.9186019",4.6,54,10535.00791,2,Pinus halepensis
173,E,"37.4447496,-7.9186397",4,46,6647.60444,2,Pinus halepensis
174,E,"37.4447600,-7.9186756",3.1,25,1521.707656,2,Pinus halepensis
175,E,"37.4447688,-7.9187058",2.3,17,522.0537183,2,Pinus halepensis
176,E,"37.4447917,-7.9187618",2.2,18,559.831338,2,Pinus halepensis
177,E,"37.4447946,-7.9187883",2.1,17,476.6577428,2,Pinus halepensis
178,E,"37.4448021,-7.9186094",4,42,5541.76476,2,Pinus halepensis
179,E,"37.4448093,-7.9188386",4.5,53,9927.817099,2,Pinus halepensis
180,E,"37.4448255,-7.9188738",4.8,66,16421.71925,2,Pinus halepensis
181,E,"37.4448604,-7.9180585",5.5,79,26959.16189,2,Pinus halepensis
182,E,"37.4447856,-7.9180615",5,72,20357.5032,2,Pinus halepensis
183,E,"37.4448750,-7.9181319",4.1,41,5413.03811,2,Pinus halepensis
184,E,"37.4448793,-7.9181705",3.8,44,5778.012328,2,Pinus halepensis
185,E,"37.4448106,-7.9180309",4,55,9503.30975,2,Pinus halepensis
186,E,"37.4448447,-7.9180828",3.8,53,8383.489995,2,Pinus halepensis
187,E,"37.4448750,-7.9181077",3.8,48,6876.312192,2,Pinus halepensis
188,E,"37.4448971,-7.9181683",4.3,57,10972.55285,2,Pinus halepensis
189,E,"37.4449224,-7.9181972",4.7,56,11576.13083,2,Pinus halepensis
190,E,"37.4449426,-7.9182391",4,39,4778.35839,2,Pinus halepensis
191,E,"37.4449565,-7.9182652",5,58,13210.38595,2,Pinus halepensis
192,E,"37.4449762,-7.9182961",5,48,9047.7792,2,Pinus halepensis
193,E,"37.4449959,-7.91839383",5.2,48,9409.690368,2,Pinus halepensis
194,E,"37.4456044,-7.9183678",5.2,51,10622.65827,2,Pinus halepensis
195,E,"37.4450233,-7.9183953",5,53,11030.90789,2,Pinus halepensis
196,E,"37.4450486,-7.9184386",5.1,59,13943.24036,2,Pinus halepensis
197,E,"37.4450653,-7.9184795",5.3,55,12591.88542,2,Pinus halepensis
198,E,"37.4450906,-7.9185050",6.1,68,22153.23604,2,Pinus halepensis
199,E,"37.4450901,-7.9184503",7.5,82,39607.59593,2,Pinus halepensis
200,E,"37.4450645,-7.9184047",6.6,63,20573.80167,2,Pinus halepensis
201,E,"37.4450613,-7.9183685",6.6,66,22579.86397,2,Pinus halepensis
202,E,"37.4450387,-7.9183460",5.8,57,14800.18757,2,Pinus halepensis
203,E,"37.4450238,-7.9183082",5.3,55,12591.88542,2,Pinus halepensis
204,E,"37.4450025,-7.9182636",5.4,57,13779.48498,2,Pinus halepensis
205,E,"37.4449788,-7.9182331",5.4,62,16302.96715,2,Pinus halepensis
206,E,"37.4449562,-7.9181886",3.6,35,3463.602975,2,Pinus halepensis
207,E,"37.4449357,-7.9181613",4.5,64,14476.44672,2,Pinus halepensis
208,E,"37.4449086,-7.9181214",3.9,20,1225.2201,2,Pinus halepensis
209,E,"37.4449179,-7.9183320",4.2,22,1596.556038,2,Pinus halepensis
210,E,"37.4449298,-7.9183504",5.1,49,9617.270927,2,Pinus halepensis
211,E,"37.4449402,-7.9183846",8.2,52,17414.46169,2,Pinus halepensis
212,E,"37.4449626,-7.9184154",8.1,45,12882.48249,2,Pinus halepensis
213,E,"37.4449865,-7.9184580",4.7,51,9601.248818,2,Pinus halepensis
214,E,"37.4449991,-7.9185050",4.8,51,9805.530708,2,Pinus halepensis
215,E,"37.4450108,-7.9185348",4.8,56,11822.43149,2,Pinus halepensis
216,E,"37.4450345,-7.9185663",4.7,49,8862.975168,2,Pinus halepensis
217,E,"37.4450574,-7.9186444",7.3,76,33116.12851,2,Pinus halepensis
218,E,"37.4450688,-7.9185636",6,72,24429.00384,2,Pinus halepensis
219,E,"37.4450496,-7.9185190",5.2,55,12354.30268,2,Pinus halepensis
220,E,"37.4450342,-7.9184949",5,53,11030.90789,2,Pinus halepensis
221,E,"37.4450036,-7.9184388",5.2,56,12807.63411,2,Pinus halepensis
222,E,"37.4449865,-7.9183859",4.9,48,8866.823616,2,Pinus halepensis
223,E,"37.4449653,-7.9183564",4.9,55,11641.55444,2,Pinus halepensis
224,E,"37.4449408,-7.9183209",4.6,54,10535.00791,2,Pinus halepensis
225,E,"37.4449264,-7.9182837",4.7,46,7810.935217,2,Pinus halepensis
226,E,"37.4449006,-7.9182431",4.4,44,6690.330064,2,Pinus halepensis
227,E,"37.4448798,-7.9182103",4.8,54,10993.05173,2,Pinus halepensis
228,E,"37.4448614,-7.9181704",5,53,11030.90789,2,Pinus halepensis
229,E,"37.4448266,-7.9181164",3.8,30,2686.05945,2,Pinus halepensis
230,E,"37.4447976,-7.9180828",4.1,48,7419.178944,2,Pinus halepensis
231,E,"37.4447832,-7.9180547",4.1,54,9389.898351,2,Pinus halepensis
232,E,"37.4448511,-7.9191842",4.2,54,9618.920262,2,Pinus halepensis
233,E,"37.4448274,-7.9192131",4.1,35,3944.658944,2,Pinus halepensis
234,E,"37.4447999,-7.9192396",3.9,36,3969.713124,2,Pinus halepensis
235,E,"37.4448157,-7.9191802",4,62,12076.27196,2,Pinus halepensis
236,E,"37.4447874,-7.9191745",3.9,33,3335.661722,2,Pinus halepensis
237,E,"37.4448383,-7.9191286",4,52,8494.85936,2,Pinus halepensis
238,E,"37.4447989,-7.9191219",4.1,54,9389.898351,2,Pinus halepensis
239,E,"37.4447640,-7.9191182",4,59,10935.87479,2,Pinus halepensis
240,E,"37.4448617,-7.9189251",5.2,66,17790.19585,2,Pinus halepensis
241,E,"37.4448577,-7.9188885",4.9,60,13854.4119,2,Pinus halepensis
242,E,"37.4448513,-7.9188553",4.1,46,6813.794551,2,Pinus halepensis
243,E,"37.4448455,-7.9188305",4.1,44,6234.171196,2,Pinus halepensis
244,E,"37.4448412,-7.9187990",3.9,45,6202.676756,2,Pinus halepensis
246,E,"37.4448005,-7.9186783",12,119,133464.168,2,Pinus halepensis
247,E,"37.4447941,-7.9186515",3.6,35,3463.602975,2,Pinus halepensis
248,E,"37.4447832,-7.9186290",3.8,40,4775.2168,2,Pinus halepensis
249,E,"37.4447741,-7.9186025",4.3,50,8443.023125,2,Pinus halepensis
250,E,"37.4447190,-7.9185043",5,66,17105.95755,2,Pinus halepensis
251,E,"37.4446863,-7.9184446",4.7,48,8504.912448,2,Pinus halepensis
252,E,"37.4446541,-7.9184054",3.9,37,4193.315792,2,Pinus halepensis
253,E,"37.4446184,-7.9183601",3.6,30,2544.6879,2,Pinus halepensis
254,E,"37.4445593,-7.9182709",4.2,54,9618.920262,2,Pinus halepensis
256,E,"37.4445606,-7.9181623",4.6,53,10148.43526,2,Pinus halepensis
257,E,"37.4445774,-7.9181804",4.6,47,7980.738157,2,Pinus halepensis
258,E,"37.4445843,-7.9181972",4.7,51,9601.248818,2,Pinus halepensis
259,E,"37.4448005,-7.9186783",6.3,151,112819.4449,2,Pinus halepensis
260,E,"37.4446637,-7.9183447",3.9,45,6202.676756,2,Pinus halepensis
261,E,"37.4446786,-7.9183672",4.1,46,6813.794551,2,Pinus halepensis
262,E,"37.4447084,-7.9184114",5,62,15095.33995,2,Pinus halepensis
263,E,"37.4447254,-7.9184389",5,55,11879.13719,2,Pinus halepensis
264,E,"37.4447552,-7.9184915",4.8,50,9424.77,2,Pinus halepensis
265,E,"37.4447781,-7.9185311",4.9,60,13854.4119,2,Pinus halepensis
266,E,"37.4448066,-7.9185915",4.6,48,8323.956864,2,Pinus halepensis
267,E,"37.4448114,-7.9186156",4.5,54,10305.986,2,Pinus halepensis
268,E,"37.4448372,-7.9186699",4.3,43,6244.459903,2,Pinus halepensis
269,E,"37.4448601,-7.9187517",3.9,42,5403.220641,2,Pinus halepensis
270,E,"37.4448660,-7.9187842",3.1,32,2493.165824,2,Pinus halepensis
271,E,"37.4448726,-7.9188087",4.1,35,3944.658944,2,Pinus halepensis
272,E,"37.4448785,-7.9188406",5.4,41,7129.367267,2,Pinus halepensis
273,E,"37.4449003,-7.9188982",5.8,60,16399.0998,2,Pinus halepensis
274,E,"37.4449062,-7.9189583",6.1,67,21506.4612,2,Pinus halepensis
275,E,"37.4449245,-7.9190065",6,72,24429.00384,2,Pinus halepensis
276,E,"37.4449474,-7.9189616",6.1,69,22809.59273,2,Pinus halepensis
277,E,"37.4449357,-7.9189113",6.2,63,19326.9046,2,Pinus halepensis
278,E,"37.4449219,-7.9188607",5.6,49,10560.14063,2,Pinus halepensis
279,E,"37.4449152,-7.9188292",5.1,47,8848.209695,2,Pinus halepensis
280,E,"37.4449027,-7.9187722",4.6,54,10535.00791,2,Pinus halepensis
281,E,"37.4448801,-7.9186749",4.7,55,11166.38896,2,Pinus halepensis
282,E,"37.4448649,-7.9186471",4.5,48,8143.00128,2,Pinus halepensis
283,E,"37.4448441,-7.9186002",4.6,53,10148.43526,2,Pinus halepensis
284,E,"37.4448188,-7.9185546",4.5,51,9192.685039,2,Pinus halepensis
285,E,"37.4448074,-7.9185200",4,47,6939.77231,2,Pinus halepensis
286,E,"37.4447749,-7.9184718",5,49,9428.696988,2,Pinus halepensis
287,E,"37.4447595,-7.9184289",5,54,11451.09555,2,Pinus halepensis
288,E,"37.4447353,-7.9183742",4.9,45,7793.106694,2,Pinus halepensis
289,E,"37.4447137,-7.9183507",5,49,9428.696988,2,Pinus halepensis
290,E,"37.4446887,-7.9183289",4.5,39,5375.653189,2,Pinus halepensis
291,E,"37.4446661,-7.9182941",4.2,42,5818.852998,2,Pinus halepensis
292,E,"37.4445891,-7.9181995",5.1,54,11680.11746,2,Pinus halepensis
293,E,"37.4445758,-7.9181643",4.2,46,6979.984662,2,Pinus halepensis
294,E,"37.4445492,-7.9181546",4.2,53,9265.962626,2,Pinus halepensis
295,E,"37.4446386,-7.9181958",4.8,50,9424.77,2,Pinus halepensis
296,E,"37.4445777,-7.9180996",3.9,34,3540.886089,2,Pinus halepensis
297,E,"37.4445937,-7.9181254",4.5,60,12723.4395,2,Pinus halepensis
298,E,"37.4443005,-7.9186783",2.1,14,323.269611,2,Pinus halepensis
299,E,"37.4446762,-7.9182384",5.1,59,13943.24036,2,Pinus halepensis
300,E,"37.4447033,-7.9182726",4.9,55,11641.55444,2,Pinus halepensis
301,E,"37.4447329,-7.9183169",4.1,47,7113.266618,2,Pinus halepensis
302,E,"37.4447486,-7.9183494",4.4,45,6997.891725,2,Pinus halepensis
303,E,"37.4447808,-7.9183983",4,33,3421.19151,2,Pinus halepensis
304,E,"37.4447920,-7.9184198",4.3,44,6538.277108,2,Pinus halepensis
305,E,"37.4448082,-7.9184446",4.8,50,9424.77,2,Pinus halepensis
306,E,"37.4448252,-7.9184865",4.5,45,7156.934719,2,Pinus halepensis
307,E,"37.4448582,-7.9185335",4.3,41,5677.088749,2,Pinus halepensis
308,E,"37.4448753,-7.9185576",4.3,47,7460.255233,2,Pinus halepensis
309,E,"37.4448870,-7.9185874",4.3,50,8443.023125,2,Pinus halepensis
310,E,"37.4449344,-7.9186220",4.3,59,11756.0654,2,Pinus halepensis
311,E,"37.4449304,-7.9185864",4.2,42,5818.852998,2,Pinus halepensis
312,E,"37.4449168,-7.9185663",4.2,41,5545.06343,2,Pinus halepensis
313,E,"37.4449027,-7.9185405",4.7,53,10369.05341,2,Pinus halepensis
314,E,"37.4449418,-7.9187561",4.5,69,16826.74874,2,Pinus halepensis
315,E,"37.4449448,-7.9187896",4.2,45,6679.805738,2,Pinus halepensis
316,E,"37.4449650,-7.9188738",4.9,63,15274.48912,2,Pinus halepensis
317,E,"37.4449937,-7.9188446",4.6,70,17702.85965,2,Pinus halepensis
318,E,"37.4449671,-7.9187578",5,56,12315.0328,2,Pinus halepensis
319,E,"37.4448870,-7.9185244",4.7,44,7146.488932,2,Pinus halepensis
320,E,"37.4448785,-7.9184936",4.9,52,10406.20272,2,Pinus halepensis
321,E,"37.4448598,-7.9184644",5,54,11451.09555,2,Pinus halepensis
322,E,"37.4448428,-7.9184392",5.1,53,11251.52605,2,Pinus halepensis
323,E,"37.4448223,-7.9183947",5.5,52,11680.43162,2,Pinus halepensis
324,E,"37.4448016, -7.9186622",5.1,68,18521.558,2,Pinus halepensis
325,E,"37.4449996, -7.9186102",5.5,70,21166.46263,2,Pinus halepensis
326,E,"37.4449230, -7.9185217",4.1,42,5680.308879,2,Pinus halepensis
327,E,"37.4449629, -7.9184899",4.5,43,6534.899899,2,Pinus halepensis
328,E,"37.4449330, -7.9184523",5.1,57,13013.95804,2,Pinus halepensis
329,E,"37.4449141, -7.9183957",5.6,48,10133.5127,2,Pinus halepensis
330,E,"37.4448875, -7.9183413",5.6,56,13792.83674,2,Pinus halepensis
331,E,"37.4448556, -7.9182957",4.9,46,8143.315439,2,Pinus halepensis
332,E,"37.4448389, -7.9182770",5,50,9817.46875,2,Pinus halepensis
333,E,"37.4448047, -7.9182341",4.9,54,11222.07364,2,Pinus halepensis
334,E,"37.4447936, -7.9182005",4.8,50,9424.77,2,Pinus halepensis
335,E,"37.4447637, -7.9181660",4,42,5541.76476,2,Pinus halepensis
336,E,"37.4447563, -7.9181402",4.4,53,9707.198941,2,Pinus halepensis
337,E,"37.4447166, -7.9180936",5,53,11030.90789,2,Pinus halepensis
338,E,"37.4447039, -7.9180624",5,45,7952.149688,2,Pinus halepensis
339,E,"37.4447196, -7.9180342",4.8,62,14491.52635,2,Pinus halepensis
340,E,"37.4447436, -7.9180637",4.5,45,7156.934719,2,Pinus halepensis
341,E,"37.4447691, -7.9181137",4.3,55,10216.05798,2,Pinus halepensis
342,E,"37.4447984, -7.9181539",4.1,49,7731.53153,2,Pinus halepensis
343,E,"37.4443154, -7.9181935",4.9,57,12503.60674,2,Pinus halepensis
344,E,"37.4448439, -7.9182230",4.8,57,12248.43109,2,Pinus halepensis
345,E,"37.4448774, -7.9182609",4.6,47,7980.738157,2,Pinus halepensis
346,E,"37.4449035, -7.9182998",8.5,70,32711.80588,2,Pinus halepensis
347,E,"37.4447946, -7.9183524",5.1,61,14904.5669,2,Pinus halepensis
348,E,"37.4447739, -7.9183014",4.4,41,5809.114069,2,Pinus halepensis
349,E,"37.4447542, -7.9182699",3.9,20,1225.2201,2,Pinus halepensis
350,E,"37.4447243, -7.9182354",4.3,58,11360.93192,2,Pinus halepensis
351,E,"37.4446940, -7.9181928",4,55,9503.30975,2,Pinus halepensis
352,E,"37.4446716, -7.9181650",4.1,48,7419.178944,2,Pinus halepensis
353,E,"37.4446554, -7.9181459",4,50,7853.975,2,Pinus halepensis
354,E,"37.4446261, -7.9181023",4.6,45,7315.977713,2,Pinus halepensis
355,E,"37.4446485, -7.9180627",4.4,56,10837.22886,2,Pinus halepensis
356,E,"37.4446692, -7.9180843",5.1,54,11680.11746,2,Pinus halepensis
357,E,"37.4446897, -7.9181238",5.2,62,15699.15355,2,Pinus halepensis
358,E,"37.4447172, -7.9181600",5.1,57,13013.95804,2,Pinus halepensis
359,E,"37.4448186, -7.9183249",4.6,53,10148.43526,2,Pinus halepensis
360,E,"37.4447712, -7.9182314",4.7,50,9228.420625,2,Pinus halepensis
361,E,"37.4447984, -7.9182807",4.7,52,9981.459748,2,Pinus halepensis
362,E,"37.4448455, -7.9183531",3.9,49,7354.38365,2,Pinus halepensis
363,E,"37.44448716, -7.9184047",7,68,25421.74628,2,Pinus halepensis
364,E,"37.4448950, -7.9184439",5.5,50,10799.21563,2,Pinus halepensis
365,E,"37.4449040, -7.9184112",5.4,52,11468.06014,2,Pinus halepensis
366,E,"37.4449328, -7.9185190",5,48,9047.7792,2,Pinus halepensis
367,E,"37.4449469, -7.9185428",5.2,52,11043.31717,2,Pinus halepensis
368,E,"37.44450033, -7.9187185",4.8,62,14491.52635,2,Pinus halepensis
369,E,"37.44450004, -7.9187487",4.7,48,8504.912448,2,Pinus halepensis
1,F,"37.443718,-7.919391",5.7,88,34668.07397,2,Pinus halepensis
2,F,"37.443764,-7.919394",4,45,6361.71975,2,Pinus halepensis
3,F,"37.443786,-7.919963",6.4,75,28274.31,2,Pinus halepensis
4,F,"37.443793,-7.919537",6.3,73,26367.91465,2,Pinus halepensis
5,F,"37.443847,-7.919597",6.4,80,32169.8816,2,Pinus halepensis
6,F,"37.443914,-7.919639",4.8,50,9424.77,2,Pinus halepensis
7,F,"37.443893,-7.919578",4.6,57,11738.0798,2,Pinus halepensis
8,F,"37.443833,-7.919554",4.7,54,10764.02982,2,Pinus halepensis
9,F,"37.443794,-7.919509",5,34,4539.59755,2,Pinus halepensis
10,F,"37.443725,-7.919387",6,78,28670.15034,2,Pinus halepensis
11,F,"37.443769,-7.919418",4.5,62,13585.80596,2,Pinus halepensis
12,F,"37.443818,-7.919447",5,62,15095.33995,2,Pinus halepensis
13,F,"37.443863,-7.919473",4.4,52,9344.345296,2,Pinus halepensis
14,F,"37.443882,-7.919506",4.5,64,14476.44672,2,Pinus halepensis
15,F,"37.443915,-7.919586",4.4,44,6690.330064,2,Pinus halepensis
16,F,"37.443971,-7.919616",6.5,77,30268.04155,2,Pinus halepensis
17,F,"37.443969,-7.919583",5.8,62,17510.59434,2,Pinus halepensis
18,F,"37.443946,-7.919498",5,56,12315.0328,2,Pinus halepensis
19,F,"37.443892,-7.919453",5.7,63,17768.28326,2,Pinus halepensis
20,F,"37.443825,-7.919404",5.8,38,6577.861142,2,Pinus halepensis
21,F,"37.443805,-7.919394",4.9,34,4448.805599,2,Pinus halepensis
22,F,"37.443781,-7.919348",4.9,58,12946.17823,2,Pinus halepensis
23,F,"37.443942,-7.919340",5,54,11451.09555,2,Pinus halepensis
24,F,"37.443897,-7.919251",5.5,60,15550.8705,2,Pinus halepensis
25,F,"37.443874,-7.919226",5.9,75,26065.37953,2,Pinus halepensis
26,F,"37.443908,-7.919257",4.8,45,7634.0637,2,Pinus halepensis
27,F,"37.443963,-7.919310",4.6,47,7980.738157,2,Pinus halepensis
28,F,"37.444018,-7.919364",5.2,61,15196.81331,2,Pinus halepensis
29,F,"37.444064,-7.919428",4.8,53,10589.67157,2,Pinus halepensis
30,F,"37.444093,-7.919455",5.9,55,14017.38188,2,Pinus halepensis
31,F,"37.444106,-7.919463",6,52,12742.28904,2,Pinus halepensis
32,F,"37.444146,-7.919489",5.5,64,17693.43488,2,Pinus halepensis
33,F,"37.444114,-7.919448",6.1,56,15024.34002,2,Pinus halepensis
34,F,"37.444052,-7.919379",5.5,52,11680.43162,2,Pinus halepensis
35,F,"37.444044,-7.919354",5.2,54,11909.13937,2,Pinus halepensis
36,F,"37.444023,-7.919324",5.5,58,14531.42455,2,Pinus halepensis
37,F,"37.443977,-7.919315",6,63,18703.45607,2,Pinus halepensis
38,F,"37.444949,-7.919264",7,57,17862.29534,2,Pinus halepensis
39,F,"37.444924,-7.919228",6.3,90,40078.83443,2,Pinus halepensis
40,F,"37.444959,-7.919232",4.7,62,14189.61955,2,Pinus halepensis
41,F,"37.444063,-7.919315",4.7,47,8154.232464,2,Pinus halepensis
42,F,"37.444094,-7.919374",5.5,53,12133.99868,2,Pinus halepensis
43,F,"37.444119,-7.919434",6.2,61,18119.2774,2,Pinus halepensis
44,F,"37.444158,-7.919454",5.2,64,16728.33843,2,Pinus halepensis
45,F,"37.443782,-7.919349",5.2,57,13269.13368,2,Pinus halepensis
46,F,"37.443838,-7.919338",5,66,17105.95755,2,Pinus halepensis
47,F,"37.443861,-7.919373",4.9,60,13854.4119,2,Pinus halepensis
48,F,"37.443899,-7.919421",5,67,17628.24689,2,Pinus halepensis
49,F,"37.443902,-7.919443",5,60,14137.155,2,Pinus halepensis
50,F,"37.443976,-7.919507",4.2,57,10717.37721,2,Pinus halepensis
51,F,"37.443960,-7.919508",4.8,64,15441.54317,2,Pinus halepensis
52,F,"37.444026,-7.919594",4.2,52,8919.602328,2,Pinus halepensis
53,F,"37.444051,-7.919594",5.5,56,13546.53608,2,Pinus halepensis
54,F,"37.444005,-7.919540",5,60,14137.155,2,Pinus halepensis
55,F,"37.443948,-7.919485",4.9,60,13854.4119,2,Pinus halepensis
56,F,"37.444920,-7.919444",5.5,73,23019.60803,2,Pinus halepensis
57,F,"37.444821,-7.919271",5.5,72,22393.25352,2,Pinus halepensis
58,F,"37.444853,-7.919287",6.7,70,25784.59993,2,Pinus halepensis
59,F,"37.444872,-7.919327",6.9,70,26554.28948,2,Pinus halepensis
60,F,"37.444913,-7.919371",7.5,60,21205.7325,2,Pinus halepensis
61,F,"37.444021,-7.919492",4.8,56,11822.43149,2,Pinus halepensis
62,F,"37.444083,-7.919561",5.5,74,23654.60191,2,Pinus halepensis
63,F,"37.444091,-7.919502",5,64,16084.9408,2,Pinus halepensis
64,F,"37.444059,-7.919477",5.3,61,15489.05972,2,Pinus halepensis
65,F,"37.444020,-7.919431",4.9,68,17795.2224,2,Pinus halepensis
66,F,"37.444996,-7.919379",4.8,53,10589.67157,2,Pinus halepensis
67,F,"37.443983,-7.919351",5.3,55,12591.88542,2,Pinus halepensis
68,F,"37.444187,-7.919507",4.3,63,13404.14351,2,Pinus halepensis
69,F,"37.444164,-7.919442",5,50,9817.46875,2,Pinus halepensis
70,F,"37.444162,-7.919407",4.7,55,11166.38896,2,Pinus halepensis
71,F,"37.444156,-7.919368",4.9,41,6469.240668,2,Pinus halepensis
72,F,"37.444129,-7.919358",5.8,60,16399.0998,2,Pinus halepensis
73,F,"37.444074,-7.919331",5.8,62,17510.59434,2,Pinus halepensis
74,F,"37.444028,-7.919306",6.1,36,6209.038476,2,Pinus halepensis
75,F,"37.444009,-7.919265",6,68,21790.06824,2,Pinus halepensis
76,F,"37.444984,-7.919222",6,78,28670.15034,2,Pinus halepensis
77,F,"37.444986,-7.919196",6,84,33250.58856,2,Pinus halepensis
78,F,"37.444038,-7.919254",5.8,56,14285.43805,2,Pinus halepensis
79,F,"37.444130,-7.919333",6.1,66,20869.26821,2,Pinus halepensis
80,F,"37.444167,-7.919375",5.3,55,12591.88542,2,Pinus halepensis
81,F,"37.444234,-7.919484",5.5,56,13546.53608,2,Pinus halepensis
82,F,"37.444257,-7.919482",4.5,72,18321.75288,2,Pinus halepensis
83,F,"37.444248,-7.919432",4.8,49,9051.549108,2,Pinus halepensis
84,F,"37.444223,-7.919427",5,52,10618.5742,2,Pinus halepensis
85,F,"37.444173,-7.919384",5.1,48,9228.734784,2,Pinus halepensis
86,F,"37.444169,-7.919335",5.3,50,10406.51688,2,Pinus halepensis
87,F,"37.444142,-7.919311",5.8,55,13779.79914,2,Pinus halepensis
88,F,"37.444090,-7.919270",6.1,64,19623.62778,2,Pinus halepensis
89,F,"37.444068,-7.919245",6.5,72,26464.75416,2,Pinus halepensis
90,F,"37.444042,-7.919215",7,87,41612.71574,2,Pinus halepensis
1,I,"37.443378,-7.918632",11.7,77,54482.4748,2,Pinus halepensis
2,I,37.443411-7.918601,8.6,44,13076.55422,2,Pinus halepensis
3,I,"37.443437,-7.918554",10.5,86,60992.39906,2,Pinus halepensis
4,I,"37.443476,-7.918515",11,83,59516.63715,2,Pinus halepensis
1,K,"37.44332190,-7.9190035",3.56,15,629.1033975,2,Pinus halepensis
4,K,"37.4431959,-7.9188469",2.19,21,758.5290515,2,Pinus halepensis
5,K,"37.4432036,-7.9189515",5.5,65,18250.67441,2,Pinus halepensis
6,K,"37.4432329,-7.9189210",4.7,60,13288.9257,2,Pinus halepensis
7,K,"37.4432126,-7.9193378",5.3,63,16521.38619,2,Pinus halepensis
8,K,"37.4431818,-7.9188905",4.7,46,7810.935217,2,Pinus halepensis
9,K,"37.4431701,-7.9189870",5.2,66,17790.19585,2,Pinus halepensis
10,K,"37.4431486,-7.9189526",4.9,65,16259.69174,2,Pinus halepensis
11,K,"37.4431216,-7.9189432",4.9,58,12946.17823,2,Pinus halepensis
13,K,"37.4430319,-7.918888",5.4,75,23856.44906,2,Pinus halepensis
14,K,"37.44329608, -7.9188359",5.8,77,27008.40631,2,Pinus halepensis
15,K,"37.44328527, -7.9187806",5.6,94,38862.72494,2,Pinus halepensis
17,K,"37.44328062, -7.9187547",4.3,81,22157.86989,2,Pinus halepensis
18,K,"37.44327380, -7.9187105",4.3,60,12157.9533,2,Pinus halepensis
19,K,"37.44327026, -7.9186887",4.3,58,11360.93192,2,Pinus halepensis
20,K,"37.44326337, -7.9186488",4.7,80,23624.7568,2,Pinus halepensis
21,K,"37.44325961, -7.9186374",4.1,60,11592.4671,2,Pinus halepensis
22,K,"37.44325661, -7.9186119",4.1,72,16693.15262,2,Pinus halepensis
23,K,"37.44325599, -7.9185660",3.6,48,6514.401024,2,Pinus halepensis
24,K,"37.44326252, -7.9186072",4,45,6361.71975,2,Pinus halepensis
25,K,"37.44326648, -7.9186183",4.4,56,10837.22886,2,Pinus halepensis
26,K,"37.44327005, -7.9186471",4.5,69,16826.74874,2,Pinus halepensis
27,K,"37.44327606, -7.9186696",3.9,49,7354.38365,2,Pinus halepensis
28,K,"37.44327990, -7.9186810",3.9,57,9951.850262,2,Pinus halepensis
29,K,"37.44329345, -7.9186696",3.8,59,10389.08105,2,Pinus halepensis
30,K,"37.44330250, -7.9188359",4.1,37,4408.357628,2,Pinus halepensis
31,K,"37.44330961, -7.9188768",4,54,9160.87644,2,Pinus halepensis
32,K,"37.44331283, -7.9188932",4.1,54,9389.898351,2,Pinus halepensis
33,K,"37.44331594, -7.9189103",4.2,44,6386.224152,2,Pinus halepensis
34,K,"37.443129, -7.9188597",4.7,80,23624.7568,2,Pinus halepensis
36,K,"37.4429664, -7.9187792",3.7,45,5884.590769,2,Pinus halepensis
37,K,"37.4429283, -7.9187547",3.8,43,5518.359915,2,Pinus halepensis
38,K,"37.4428285, -7.9186917",3.6,42,4987.588284,2,Pinus halepensis
39,K,"37.4427966, -7.9186478",4,50,7853.975,2,Pinus halepensis
40,K,"37.4427742, -7.9186216",3.28,31,2475.635752,2,Pinus halepensis
41,K,"37.4427311, -7.9186119",2.3,17,522.0537183,2,Pinus halepensis
42,K,"37.4426893, -7.9186193",3.1,27,1774.91981,2,Pinus halepensis
43,K,"37.4426779, -7.9185975",3.1,34,2814.550481,2,Pinus halepensis
44,K,"37.4426233, -7.9185516",3.15,35,3030.652603,2,Pinus halepensis
45,K,"37.4426039, -7.9185395",4.3,79,21077.16293,2,Pinus halepensis
46,K,"37.4425847, -7.9185227",7,110,66523.16825,2,Pinus halepensis
47,K,"37.4425812, -7.9185053",6.9,66,23606.22142,2,Pinus halepensis
48,K,"37.4426190, -7.9185244",4.3,49,8108.679409,2,Pinus halepensis
49,K,"37.4426470, -7.9185485",3.9,45,6202.676756,2,Pinus halepensis
50,K,"37.4427300, -7.9186055",3.9,54,8931.854529,2,Pinus halepensis
51,K,"37.4427692, -7.9186206",2.9,33,2480.363845,2,Pinus halepensis
53,K,"37.4428043, -7.9186404",3,37,3225.627533,2,Pinus halepensis
54,K,"37.4428229, -7.9186548",2.6,15,459.4575375,2,Pinus halepensis
55,K,"37.4487641, -7.9186877",4.4,60,12440.6964,2,Pinus halepensis
56,K,"37.4429220, -7.9187098",4,40,5026.544,2,Pinus halepensis
57,K,"37.4429709, -7.9187323",3.7,38,4196.221763,2,Pinus halepensis
58,K,"37.4431221, -7.9188181",3.6,36,3664.350576,2,Pinus halepensis
59,K,"37.4431533, -7.9188372",3.7,48,6695.356608,2,Pinus halepensis
60,K,"37.4431195, -7.9187863",4.3,42,5957.397117,2,Pinus halepensis
61,K,"37.4430170, -7.9187383",4,31,3019.06799,2,Pinus halepensis
62,K,"37.4428527, -7.9186340",3.9,47,6766.278002,2,Pinus halepensis
63,K,"37.4427740, -7.9185931",3.6,31,2717.161191,2,Pinus halepensis
64,K,"37.4427141, -7.9185549",4.1,70,15778.63578,2,Pinus halepensis
65,K,"37.4426539, -7.9185261",3.9,38,4423.044561,2,Pinus halepensis
66,K,"37.4425759, -7.9184976",6.9,86,40080.71938,2,Pinus halepensis
67,K,"37.4425924, -7.9184409",4.6,34,4176.429746,2,Pinus halepensis
68,K,"37.4426294, -7.9184610",4.2,49,7920.10547,2,Pinus halepensis
69,K,"37.4426486, -7.9184760",4,48,7238.22336,2,Pinus halepensis
70,K,"37.4426856, -7.9185050",3.9,50,7657.625625,2,Pinus halepensis
71,K,"37.4427593, -7.9185667",3.8,49,7165.809711,2,Pinus halepensis
72,K,"37.4427755, -7.9185868",4,59,10935.87479,2,Pinus halepensis
73,K,"37.4428948, -7.9186361",3.8,45,6043.633763,2,Pinus halepensis
74,K,"37.4429225, -7.9186528",3,23,1246.425833,2,Pinus halepensis
75,K,"37.4430356, -7.9186994",3.2,44,4865.694592,2,Pinus halepensis
76,K,"37.4430748, -7.9187222",3.6,56,8866.823616,2,Pinus halepensis
77,K,"37.4431482, -7.9187534",5,70,19242.23875,2,Pinus halepensis
78,K,"37.4431464, -7.9187383",4,58,10568.30876,2,Pinus halepensis
79,K,"37.4429627, -7.9186434",3.7,37,3978.273957,2,Pinus halepensis
80,K,"37.4429299, -7.9186173",4.7,53,10369.05341,2,Pinus halepensis
81,K,"37.4429105, -7.9186049",2.9,40,3644.2444,2,Pinus halepensis
82,K,"37.4428900, -7.9185985",3.1,56,7635.320336,2,Pinus halepensis
83,K,"37.4428796, -7.9185871",3,44,4561.58868,2,Pinus halepensis
84,K,"37.4428469, -7.9185767",3,43,4356.599933,2,Pinus halepensis
85,K,"37.4428264, -7.9185717",3.1,40,3895.5716,2,Pinus halepensis
86,K,"37.4428032, -7.9185509",2.7,23,1121.783249,2,Pinus halepensis
87,K,"37.4426592, -7.9185123",2.9,32,2332.316416,2,Pinus halepensis
88,K,"37.4426944, -7.9184429",4.1,52,8707.230844,2,Pinus halepensis
89,K,"37.4427346, -7.9184644",3.8,43,5518.359915,2,Pinus halepensis
90,K,"37.4427660, -7.9184946",4.1,60,11592.4671,2,Pinus halepensis
91,K,"37.4428019, -7.9185110",3.8,48,6876.312192,2,Pinus halepensis
92,K,"37.4428432, -7.9185589",2.2,26,1168.043162,2,Pinus halepensis
93,K,"37.4428812, -7.9185807",3,43,4356.599933,2,Pinus halepensis
94,K,"37.4428134, -7.9185472",3.3,50,6479.529375,2,Pinus halepensis
95,K,"37.4429518, -7.9185948",3.3,48,5971.534272,2,Pinus halepensis
96,K,"37.4429832, -7.9186129",3,38,3402.34197,2,Pinus halepensis
97,K,"37.4430087, -7.9186307",2.6,15,459.4575375,2,Pinus halepensis
98,K,"37.4430290, -7.9186428",3.2,35,3078.7582,2,Pinus halepensis
99,K,"37.4430681, -7.9186642",3.1,35,2982.547006,2,Pinus halepensis
100,K,"37.4430899, -7.9186756",3.4,38,3855.987566,2,Pinus halepensis
101,K,"37.4431110, -7.9186922",3.3,35,3174.969394,2,Pinus halepensis
102,K,"37.4431325, -7.9187083",2.9,30,2049.887475,2,Pinus halepensis
103,K,"37.4431504, -7.9187169",2.9,23,1204.878305,2,Pinus halepensis
104,K,"37.4432542, -7.9187179",3.3,42,4571.955927,2,Pinus halepensis
105,K,"37.4432196, -7.9187169",3.4,53,7501.017364,2,Pinus halepensis
106,K,"37.4431722, -7.9186964",6.3,67,22211.59108,2,Pinus halepensis
107,K,"37.4431440, -7.9186709",5,55,11879.13719,2,Pinus halepensis
108,K,"37.4429254, -7.9185630",4.7,53,10369.05341,2,Pinus halepensis
110,K,"37.4428655, -7.9185274",3,18,763.40637,2,Pinus halepensis
111,K,"37.4428365, -7.9185046",2.9,23,1204.878305,2,Pinus halepensis
112,K,"37.4427692, -7.9184694",3.2,29,2113.661752,2,Pinus halepensis
113,K,"37.4427420, -7.9184413",3,34,2723.75853,2,Pinus halepensis
114,K,"37.4427109, -7.9184292",3.6,48,6514.401024,2,Pinus halepensis
116,K,"37.442731, -7.918405",1.8,7,69.2720595,2,Pinus halepensis
117,K,"37.442768, -7.918423",3.8,62,11472.45836,2,Pinus halepensis
118,K,"37.442797, -7.918443",3.9,54,8931.854529,2,Pinus halepensis
119,K,"37.442835, -7.918452",2.5,21,865.9007438,2,Pinus halepensis
120,K,"37.442874, -7.918486",2.4,20,753.9816,2,Pinus halepensis
121,K,"37.442896, -7.918505",2.4,22,912.317736,2,Pinus halepensis
122,K,"37.442914, -7.918511",4,54,9160.87644,2,Pinus halepensis
123,K,"37.442948, -7.918535",4.1,44,6234.171196,2,Pinus halepensis
124,K,"37.442986, -7.918549",2.5,25,1227.183594,2,Pinus halepensis
125,K,"37.443029, -7.918565",4.3,60,12157.9533,2,Pinus halepensis
126,K,"37.443163, -7.918646",4.25,46,7063.079718,2,Pinus halepensis
127,K,"37.443207, -7.918660",4.8,54,10993.05173,2,Pinus halepensis
128,K,"37.443266, -7.918691",5,57,12758.78239,2,Pinus halepensis
129,K,"37.443233, -7.918627",4.7,53,10369.05341,2,Pinus halepensis
130,K,"37.443151, -7.918573",6.3,67,22211.59108,2,Pinus halepensis
131,K,"37.443125, -7.918553",5.1,70,19627.08353,2,Pinus halepensis
132,K,"37.443027, -7.918552",4.8,63,14962.76485,2,Pinus halepensis
133,K,"37.443002, -7.918537",5,66,17105.95755,2,Pinus halepensis
134,K,"37.442973, -7.918508",3,26,1592.78613,2,Pinus halepensis
135,K,"37.442928, -7.918489",2.9,35,2790.124619,2,Pinus halepensis
136,K,"37.442905, -7.918471",3.9,40,4900.8804,2,Pinus halepensis
137,K,"37.442809, -7.918415",4.3,64,13833.04909,2,Pinus halepensis
138,K,"37.442786, -7.918397",3.8,42,5264.676522,2,Pinus halepensis
139,K,"37.442751, -7.918379",3.7,50,7264.926875,2,Pinus halepensis
140,K,"37.442723, -7.918365",3.9,72,15878.8525,2,Pinus halepensis
141,K,"37.442706, -7.918342",3.4,38,3855.987566,2,Pinus halepensis
142,K,"37.442691, -7.918342",4,44,6082.11824,2,Pinus halepensis
143,K,"37.442806, -7.918355",3.4,25,1668.969688,2,Pinus halepensis
144,K,"37.442848, -7.918372",2.9,30,2049.887475,2,Pinus halepensis
145,K,"37.442889, -7.918400",3.9,28,2401.431396,2,Pinus halepensis
146,K,"37.442963, -7.918453",4.2,68,15253.04777,2,Pinus halepensis
147,K,"37.442983, -7.918452",4.7,77,21886.12235,2,Pinus halepensis
148,K,"37.443040, -7.918514",5.1,70,19627.08353,2,Pinus halepensis
149,K,"37.443075, -7.918524",4.9,52,10406.20272,2,Pinus halepensis
150,K,"37.443116, -7.918584",4.7,53,10369.05341,2,Pinus halepensis
151,K,"37.443172, -7.918605",4.9,58,12946.17823,2,Pinus halepensis
152,K,"37.443273, -7.918597",4.9,65,16259.69174,2,Pinus halepensis
153,K,"37.443214, -7.918530",4.8,70,18472.5492,2,Pinus halepensis
154,K,"37.443221, -7.918512",5,47,8674.715388,2,Pinus halepensis
155,K,"37.443211, -7.918467",4.6,62,13887.71275,2,Pinus halepensis
156,K,"37.443143, -7.918426",4.7,72,19136.05301,2,Pinus halepensis
157,K,"37.443122, -7.918412",3.4,38,3855.987566,2,Pinus halepensis
158,K,"37.443098, -7.918439",3.3,20,1036.7247,2,Pinus halepensis
159,K,"37.443078, -7.918439",3.6,25,1767.144375,2,Pinus halepensis
160,K,"37.443049, -7.918437",3.8,38,4309.633162,2,Pinus halepensis
161,K,"37.443068, -7.918421",3.8,35,3656.025363,2,Pinus halepensis
162,K,"37.443070, -7.918371",4,42,5541.76476,2,Pinus halepensis
163,K,"37.443019, -7.918339",4.2,43,6099.239906,2,Pinus halepensis
164,K,"37.442984, -7.918295",3.6,34,3268.510236,2,Pinus halepensis
165,K,"37.442932, -7.918341",3.6,28,2216.705904,2,Pinus halepensis
166,K,"37.442999, -7.918373",3.7,30,2615.373675,2,Pinus halepensis
167,K,"37.44301,- 7.918590",3.8,38,4309.633162,2,Pinus halepensis
58,I,"37.443828,-7.918974",6.6,99,50804.69392,2,Pinus halepensis 
59,I,"37.443928,-7.918937",6.5,104,55216.58584,2,Pinus halepensis 
60,I,"37.443794,-7.918709",1.6,2,5.026544,2,Pinus halepensis 
61,I,"37443758,-7.918638",1.6,2,5.026544,2,Pinus halepensis 
62,I,"37.443758,-7.918619",2.6,6,73.513206,2,Pinus halepensis 
63,I,"37.443742,-7.918614",2.5,8,125.6636,2,Pinus halepensis 
64,I,"37.443741,-7.918600",2.4,7,92.362746,2,Pinus halepensis 
65,I,"37.443730,-7.918565",2,3,14.137155,2,Pinus halepensis 
66,I,"37.443749,-7.918552",2.5,6,70.685775,2,Pinus halepensis 
67,I,"37.443751,-7.918531",2,5,39.269875,2,Pinus halepensis 
68,I,"37.443755,-7.918551",2.8,7,107.756537,2,Pinus halepensis 
69,I,"37.443760,-7.918533",2.8,9,178.128153,2,Pinus halepensis 
70,I,"37.443738,-7.918500",1.6,3,11.309724,2,Pinus halepensis 
71,I,"37.443764,-7.918486",2.3,7,88.51429825,2,Pinus halepensis 
72,I,"37.443717,-7.918479",1.3,1,1.02101675,2,Pinus halepensis 
73,I,"37.443735,-7.918484",1.85,2,5.8119415,2,Pinus halepensis 
2,D,"37.4449645, -7.9192469",3.3,48,5971.534272,,Prunus dulcis
8,I,"37.443687,-7.918418",3,4,37.69908,,Prunus dulcis
9,I,"37.443687,-7.918417",3,4,37.69908,,Prunus dulcis
10,I,"37.44386,-7.918416",3,4.5,47.71289813,,Prunus dulcis
11,I,"37.443687,-7.918415",2.8,3,19.792017,,Prunus dulcis
14,I,"37.443742,-7.918475",3,12,339.29172,,Prunus dulcis
15,I,"37.443728,-7.918447",3.1,12,350.601444,,Prunus dulcis
16,I,"37.443751,-7.918424",3.1,13,411.4697503,,Prunus dulcis
17,I,"37.443723,-7.918479",1.95,3,13.78372613,,Prunus dulcis
18,I,"37.443709,-7.918456",3.8,12,429.769512,,Prunus dulcis
19,I,"37.443699,-7.918467",3.7,11,351.6224608,,Prunus dulcis
20,I,"37.443685,-7.918469",3.8,20,1193.8042,,Prunus dulcis
21,I,"37.443762,-7.918446",2.3,4,28.902628,,Prunus dulcis
22,I,"37.443767,-7.918432",2.4,5,47.12385,,Prunus dulcis
23,I,"37.443773,-7.918419",3,5,58.9048125,,Prunus dulcis
24,I,"37.443774,-7.918549",3.5,8,175.92904,,Prunus dulcis
25,I,"37.443809,-7.918549",2.2,4,27.645992,,Prunus dulcis
26,I,"37.443829,-7.918518",2.3,4,28.902628,,Prunus dulcis
27,I,"37.443810,-7.918551",3.4,15,600.8290875,,Prunus dulcis
28,I,"37.443783,-7.918537",2.5,13,331.8304438,,Prunus dulcis
29,I,"37.443805,-7.918584",3,26,1592.78613,,Prunus dulcis
30,I,"37.443815,-7.918600",2.9,16,583.079104,,Prunus dulcis
31,I,"37.443843,-7.918575",1.9,2,5.969021,,Prunus dulcis
32,I,"37.443850,-7.918624",2.4,5,47.12385,,Prunus dulcis
33,I,"37.443834,-7.918630",2.4,4,30.159264,,Prunus dulcis
34,I,"37.443829,-7.918635",2.4,4,30.159264,,Prunus dulcis
35,I,"37.443831,-7.918626",2.4,5,47.12385,,Prunus dulcis
36,I,"37.443891,-7.918662",1.8,1,1.4137155,,Prunus dulcis
37,I,"37.443899,-7.918666",1.9,1,1.49225525,,Prunus dulcis
38,I,"37.443842,-7.918663",2.1,20,659.7339,,Prunus dulcis
39,I,"37.443815,-7.918696",2.3,13,305.2840083,,Prunus dulcis
40,I,"37.443801,-7.918711",2,3,14.137155,,Prunus dulcis
41,I,"37.443825,-7.918696",3.2,29,2113.661752,,Prunus dulcis
42,I,"37.443847,-7.918729",2.4,4,30.159264,,Prunus dulcis
43,I,"37.443575,-7.918710",3.3,10,259.181175,,Prunus dulcis
44,I,"37.443849,-7.918775",5.7,26,3026.293647,,Prunus dulcis
45,I,"37.443849,-7.918746",2.4,3,16.964586,,Prunus dulcis
46,I,"37.443885,-7.918728",3,4,37.69908,,Prunus dulcis
47,I,"37.443895,-7.918737",2.6,6,73.513206,,Prunus dulcis
48,I,"37.443904,-7.918720",2.5,6,70.685775,,Prunus dulcis
49,I,"37.4438960,-7.918744",2.8,6,79.168068,,Prunus dulcis
50,I,"37.443898,-7.918761",4.2,30,2968.80255,,Prunus dulcis
51,I,"37.443918,-7.918744",3.5,23,1454.163471,,Prunus dulcis
52,I,"37.443930,-7.918777",3.5,24,1583.36136,,Prunus dulcis
53,I,"37.443929,-7.918824",5.1,47,8848.209695,,Prunus dulcis
54,I,"37.443895,-7.918852",2.2,3,15.5508705,,Prunus dulcis
55,I,"37.443906,-7.918892",2.9,20,911.0611,,Prunus dulcis
56,I,"37.443916,-7.918939",4.7,40,5906.1892,,Prunus dulcis
57,I,"37.443863,-7.918974",5,22,1900.66195,,Prunus dulcis
74,I,"37.443728,-7.918504",1.8,2,5.654862,,Prunus dulcis
24,M,"37.444360,-7.917770",2.8,20,879.6452,,Prunus dulcis
25,M,"37.444326,-7.917145",3.2,35,3078.7582,,Prunus dulcis
2,H,"37.4432126,-7.9193378",4.7,37,5053.483134,,Prunus dulcis
9,C,"37.4455135,-7.9188503",2.8,25,1374.445625,,Prunus persica
30,C,"37,44554920 -7,9182652",3.3,30,2332.630575,,Prunus persica
39,C,"37,4454100 -7,9185452",2.5,18,636.171975,,Prunus persica
40,C,"37,4454069 -7,9185814",2.9,15,512.4718688,,Prunus persica
1,G,"37.4435893,-7.9194105",4.3,41,5677.088749,,Prunus subg. Prunus
2,G,"37.4435960,-7.9194752",2.7,35,2597.702231,,Prunus subg. Prunus
3,G,"37.4435539,-7.9194655",4.4,46,7312.364884,,Prunus subg. Prunus
4,G,"37.4435467,-7.9196023",3.2,71,12669.40415,,Prunus subg. Prunus
31,A,"37.444545,-7.919841",5.4,87,32101.23786,,Punica granatum
32,A,"37.444584,- 7.919805",4,62,12076.27196,,Punica granatum
35,A,"37.444680,-7.919797",5.4,106,47653.52207,,Punica granatum
5,G,"37.4434671,-7.9194592",3.7,55,8790.561519,,Punica granatum
36,W,"37.442050,-7.916663",4.3,47,7460.255233,,Pyrus cordata Desv
11,N,"37.444166,-7.917343",4.5,35,4329.503719,1,Quercus faginea
33,W,"37.443031,-7.916661",4,25,1963.49375,1,Quercus faginea
34,W,"37.442103,-7.916659",2.8,17,635.543657,1,Quercus faginea
35,W,"37.442123,-7.916614",3,22,1140.39717,1,Quercus faginea
2,W,"37.442927,-7.917206",2.9,14,446.419939,1,Quercus faginea 
4,D,"37.4449690, -7.9191400",7,90,44532.03825,1,Quercus ilex
5,D,"37.4450302, -7.9190914",2,11,190.066195,1,Quercus ilex
255,E,"37.4445319,-7.9182205",1.85,7,71.19628338,1,Quercus ilex
1,H,"37.444484,-7.918046",6.8,90,43259.6943,1,Quercus ilex
2,H,"37.444560,-7.918073",3.8,47,6592.783695,1,Quercus ilex
16,H,"37.444773,-7.918874",8.7,134,122692.5983,1,Quercus ilex
36,H,"37.444514,-7.917528",5.3,62,16001.06035,1,Quercus ilex
38,H,"37.444444,-7.917512",2.3,26,1221.136033,1,Quercus ilex
43,H,"37.444340,-7.917520",3.5,44,5321.85346,1,Quercus ilex
12,I,"37.443707,-7.918463",2.6,6,73.513206,1,Quercus ilex
13,I,"37.443713,-7.918478",1.5,8,75.39816,1,Quercus ilex
1,M,"37.444555,-7.917299",10,140,153937.91,1,Quercus ilex
33,M,"37.444765,-7.917001",10,90,63617.1975,1,Quercus ilex
7,N,"37.444304,-7.917302",3.5,14,538.782685,1,Quercus ilex
8,N,"37.444407,-7.917347",5.3,100,41626.0675,1,Quercus ilex
9,N,"37.444395,-7.917294",4.4,75,19438.58813,1,Quercus ilex
10,N,"37.444233,-7.917303",4.2,45,6679.805738,1,Quercus ilex
12,N,"37.444126,-7.917347",5.9,30,4170.460725,1,Quercus ilex
4,O,"37.443892,-7.917460",1.35,1,1.060286625,1,Quercus ilex
5,O,"37.443906,-7.917500",2.9,5,56.94131875,1,Quercus ilex
8,O,"37.443983,-7.917492",2.6,4,32.672536,1,Quercus ilex
10,O,"37.443979,-7.917540",1.6,3,11.309724,1,Quercus ilex
20,O,"37.444065,-7.917656",5.3,120,59941.5372,1,Quercus ilex
2,P,"37.443847,-7.917865",2.8,10,219.9113,1,Quercus ilex
3,Q,"37.443551,-7.917858",6.1,50,11977.31188,1,Quercus ilex
2,R,"37.443216,-7.918330",6,65,19909.82663,1,Quercus ilex
3,R,"37.443352,-7.918197",13,260,690207.323,1,Quercus ilex
72,U,"37.442973,-7.916427",8,160,160849.408,1,Quercus ilex
73,U,"37.442933,-7.916299",5.5,95,38985.16841,1,Quercus ilex
12,V,"37.443053,-7.917244",5.7,62,17208.68754,1,Quercus ilex
15,V,"37.443267,-7.917350",4,40,5026.544,1,Quercus ilex
28,V,"37.443329,-7.917536",4.4,35,4233.292525,1,Quercus ilex
1,W,"37.443033,-7.917084",10.8,126,134664.8837,1,Quercus ilex
53,W,"37.4425759,-7.9158067",7.5,147,127287.4093,1,Quercus ilex
56,W,"37.4424984,-7.9159797",5.3,51,10826.94016,1,Quercus ilex
57,W,"37.4424678,-7.9159951",4.2,82,22180.25372,1,Quercus ilex
64,W,"37.4425783,-7.9162221",2.5,15,441.7860938,1,Quercus ilex
65,W,"37.4426102,-7.9162653",6.1,92,40550.38708,1,Quercus ilex
71,W,"37.4428357,-7.9161121",2.7,41,3564.683633,1,Quercus ilex
73,W,"37.442695,-7.915939",4.8,64,15441.54317,1,Quercus ilex
77,W,"37.4429808,-7.9165007",4,126,49875.88284,1,Quercus ilex
79,W,"37.4429291,-7.9165181",2.8,48,5066.756352,1,Quercus ilex
19,X,"37.4431102, -7.9161319",3,11,285.0992925,1,Quercus ilex
20,X,"37.4431173, -7.9161161",2.1,7,80.81740275,1,Quercus ilex
21,X,"37.4431216, -7.9161010",2.1,6,59.376051,1,Quercus ilex
22,X,"37.4431389, -7.9160859",5,2,15.70795,1,Quercus ilex
36,X,"37.44322317, -7.9162831",1.3,4,16.336268,1,Quercus ilex
245,E,"37.4448157,-7.9187162",5.1,112,50245.33382,1,Quercus suber
16,K,"37.44328413, -7.9187682",2.6,18,661.618854,1,Quercus suber
168,K,"37.44330, -7.918600",4.1,46,6813.794551,1,Quercus suber
2,M,"37.444599,-7.917282",8,130,106185.742,1,Quercus suber
3,M,"37.444662,-7.917261",10.2,140,157016.6682,1,Quercus suber
4,M,"37.444709,-7.917265",6.2,65,20573.48751,1,Quercus suber
5,M,"37.444762,-7.917271",6.5,70,25014.91038,1,Quercus suber
6,M,"37.444788,-7.917234",6.1,70,23475.53128,1,Quercus suber
23,M,"37.444374,-7.917367",-,130,#VALUE!,1,Quercus suber
30,M,"37.444382,-7.917950",0.8,2,2.513272,1,Quercus suber
31,M,"37.444382,-7.917956",0.75,2,2.3561925,1,Quercus suber
32,M,"37.444381,-7.917968",1.7,5,33.37939375,1,Quercus suber
1,N,"37.443971,-7.917269",7,47,12144.60154,1,Quercus suber
2,N,"37.444018,-7.917438",14.7,216,538659.5347,1,Quercus suber
3,N,"37.444092,-7.917410",11,74,47309.20381,1,Quercus suber
4,N,"37.444082,-7.917427",10,120,113097.24,1,Quercus suber
5,N,"37.444256,-7.917344",5,42,6927.20595,1,Quercus suber
6,N,"37.444316,-7.917320",4.5,36,4580.43822,1,Quercus suber
13,N,"37.444052,-7.917337",4.2,43,6099.239906,1,Quercus suber
6,T,"37.443630,-7.916315",5,47,8674.715388,1,Quercus suber
12,T,"37.443682,-7.916456",1.8,3,12.7234395,1,Quercus suber
13,T,"37.443698,-7.916501",4.2,45,6679.805738,1,Quercus suber
15,T,"37.443755,-7.916556",2.3,5,45.16035625,1,Quercus suber
25,T,"37.444004,-7.916769",3.7,70,14239.25668,1,Quercus suber
1,U,"37.443463,-7.917712",6,126,74813.82426,1,Quercus suber
2,U,"37.443571,-7.917634",4.8,108,43972.20691,1,Quercus suber
3,U,"37.443479,-7.917559",4.5,56,11083.52952,1,Quercus suber
4,U,"37.443487,-7.917526",3.2,30,2261.9448,1,Quercus suber
5,U,"37.443570,-7.917553",2.2,13,292.0107905,1,Quercus suber
6,U,"37.443533,-7.917558",4.5,60,12723.4395,1,Quercus suber
7,U,"37.443392,-7.917648",4.2,46,6979.984662,1,Quercus suber
8,U,"37.443374,-7.917552",5,66,17105.95755,1,Quercus suber
9,U,"37.443394,-7.917538",2.1,30,1484.401275,1,Quercus suber
10,U,"37.443380,-7.917522",3,12,339.29172,1,Quercus suber
11,U,"37.443448,-7.917397",4,50,7853.975,1,Quercus suber
12,U,"37.443459,-7.917347",4.8,70,18472.5492,1,Quercus suber
13,U,"37.443453,-7.917385",3.2,10,251.3272,1,Quercus suber
14,U,"37.443492,-7.917338",2.3,12,260.123652,1,Quercus suber
15,U,"37.443503,-7.917272",1.7,3,12.01658175,1,Quercus suber
16,U,"37.443548,-7.917315",4.8,50,9424.77,1,Quercus suber
17,U,"37.443542,-7.917278",3,11,285.0992925,1,Quercus suber
18,U,"37.443575,-7.917263",6.5,91,42275.19853,1,Quercus suber
19,U,"37.443512,-7.917322",6,120,67858.344,1,Quercus suber
20,U,"37.443809,-7.917296",8,124,96610.17568,1,Quercus suber
21,U,"37.443699,-7.917391",4.8,62,14491.52635,1,Quercus suber
22,U,"37.443725,-7.917086",8,103,66658.25662,1,Quercus suber
23,U,"37.443631,-7.917201",6.5,85,36884.23009,1,Quercus suber
24,U,"37.443678,-7.917254",4.3,46,7146.174773,1,Quercus suber
25,U,"37.443585,-7.917091",7,110,66523.16825,1,Quercus suber
26,U,"37.443589,-7.917089",8.3,130,110167.7073,1,Quercus suber
27,U,"37.443633,-7.917977",6.5,92,43209.42886,1,Quercus suber
28,U,"37.443711,-7.917002",7,98,52800.70313,1,Quercus suber
29,U,"37.443783,-7.916896",7,66,23948.34057,1,Quercus suber
30,U,"37.443641,-7.916880",5.2,61,15196.81331,1,Quercus suber
31,U,"37.443615,-7.916794",3.5,22,1330.463365,1,Quercus suber
32,U,"37.443558,-7.916822",5,54,11451.09555,1,Quercus suber
33,U,"37.443552,-7.916698",5.8,61,16950.29177,1,Quercus suber
34,U,"37.443569,-7.916962",5,115,51934.40969,1,Quercus suber
35,U,"37.443529,-7.916960",3,30,2120.57325,1,Quercus suber
36,U,"37.443611,-7.916940",4.2,70,16163.48055,1,Quercus suber
37,U,"37.443591,-7.916867",3.4,17,771.7315835,1,Quercus suber
38,U,"37.443529,-7.916963",4.3,47,7460.255233,1,Quercus suber
39,U,"37.443476,-7.916840",4.2,24,1900.033632,1,Quercus suber
40,U,"37.443565,-7.9168943",3,22,1140.39717,1,Quercus suber
41,U,"37.443681,-7.917004",4,60,11309.724,1,Quercus suber
42,U,"37.443690,-7.916944",4.1,12,463.698684,1,Quercus suber
43,U,"37.443694,-7.916988",4,47,6939.77231,1,Quercus suber
44,U,"37.443615,-7.916676",3.4,13,451.2894035,1,Quercus suber
45,U,"37.443619,-7.916914",5.7,78,27236.64282,1,Quercus suber
46,U,"37.443553,-7.916729",4.8,30,3392.9172,1,Quercus suber
47,U,"37.443594,-7.916670",9,110,85529.78775,1,Quercus suber
48,U,"37.443651,-7.916698",5.2,82,27461.26651,1,Quercus suber
49,U,"37.443673,-7.916764",4.5,50,8835.721875,1,Quercus suber
50,U,"37.443675,-7.916854",4.2,32,3377.837568,1,Quercus suber
51,U,"37.443374,-7.916413",4.3,32,3458.262272,1,Quercus suber
52,U,"37.443356,-7.916474",3.2,28,1970.405248,1,Quercus suber
53,U,"37.443339,-7.916544",4.2,55,9978.475238,1,Quercus suber
54,U,"37.443382,-7.916525",5.1,54,11680.11746,1,Quercus suber
57,U,"37.443295,-7.916494",5,104,42474.2968,1,Quercus suber
58,U,"37.443274,-7.916446",4.2,60,11875.2102,1,Quercus suber
59,U,"37.443108,-7.916574",4.8,78,22936.12027,1,Quercus suber
60,U,"37.443146,-7.916430",3.8,66,13000.52774,1,Quercus suber
61,U,"37.443165,-7.916409",7,130,92912.52425,1,Quercus suber
74,U,"37.442288,-7.916820",3.2,26,1698.971872,1,Quercus suber
75,U,"37.442283,-7.916873",4.5,48,8143.00128,1,Quercus suber
76,U,"37.442284,-7.916888",2.8,24,1266.689088,1,Quercus suber
77,U,"37.442297,-7.916912",3.8,48,6876.312192,1,Quercus suber
78,U,"37.442386,-7.916956",4.2,57,10717.37721,1,Quercus suber
79,U,"37.442406,-7.916846",3.3,44,5017.747548,1,Quercus suber
1,V,"37.443469,-7.917089",3.1,40,3895.5716,1,Quercus suber
2,V,"37.443431,-7.917112",4.3,53,9486.580783,1,Quercus suber
3,V,"37.443423,-7.917077",4.3,44,6538.277108,1,Quercus suber
4,V,"37.443354,-7.917051",4.8,70,18472.5492,1,Quercus suber
5,V,"37.443351,-7.917121",3.8,77,17695.16275,1,Quercus suber
6,V,"37.443297,-7.917207",4.3,46,7146.174773,1,Quercus suber
7,V,"37.443201,-7.917294",3.1,50,6086.830625,1,Quercus suber
8,V,"37.443244,-7.917271",3.4,45,5407.461788,1,Quercus suber
9,V,"37.443089,-7.917267",4,35,3848.44775,1,Quercus suber
10,V,"37.443100,-7.917266",3.5,23,1454.163471,1,Quercus suber
11,V,"37.443061,-7.917286",4.6,65,15264.20041,1,Quercus suber
13,V,"37.443147,-7.917270",4.1,64,13189.65146,1,Quercus suber
14,V,"37.443138,-7.917314",3.2,35,3078.7582,1,Quercus suber
16,V,"37.443175,-7.917312",3.3,30,2332.630575,1,Quercus suber
17,V,"37.443316,-7.917404",2.9,48,5247.711936,1,Quercus suber
18,V,"37.443262,-7.917301",2.5,14,384.844775,1,Quercus suber
19,V,"37.443300,-7.917310",2.1,50,4123.336875,1,Quercus suber
20,V,"37.443394,-7.917265",3,23,1246.425833,1,Quercus suber
21,V,"37.443345,-7.917403",4.1,65,13605.04819,1,Quercus suber
22,V,"37.443358,-7.917508",4.4,38,4990.101556,1,Quercus suber
23,V,"37.443346,-7.917417",3.1,35,2982.547006,1,Quercus suber
24,V,"37.443266,-7.917370",2.8,22,1064.370692,1,Quercus suber
25,V,"37.443491,-7.917436",3.3,26,1752.064743,1,Quercus suber
26,V,"37.443374,-7.917520",2.9,27,1660.408855,1,Quercus suber
27,V,"37.443294,-7.917504",4.1,46,6813.794551,1,Quercus suber
29,V,"37.443431,-7.917537",3.5,46,5816.653885,1,Quercus suber
30,V,"37.443468,-7.917491",4.5,39,5375.653189,1,Quercus suber
31,V,"37.443388,-7.917544",3.2,53,7059.781048,1,Quercus suber
3,W,"37.443859,-7.917332",3.2,24,1447.644672,1,Quercus suber
4,W,"37.443662,-7.917192",4.4,47,7633.749541,1,Quercus suber
5,W,"37.443605,-7.917151",4.8,86,27882.23957,1,Quercus suber
6,W,"37.443664,-7.917030",5,91,32519.38349,1,Quercus suber
7,W,"37.443587,-7.917150",4.3,54,9847.942173,1,Quercus suber
8,W,"37.443395,-7.917083",5.5,138,82264.10495,1,Quercus suber
9,W,"37.443355,-7.917019",4.3,70,16548.32533,1,Quercus suber
10,W,"37.443356,-7.917946",4.7,84,26046.29437,1,Quercus suber
11,W,"37.443313,-7.917977",4.6,44,6994.435976,1,Quercus suber
12,W,"37.443229,-7.916783",4.5,74,19353.7652,1,Quercus suber
13,W,"37.443134,-7.917741",6.7,92,44538.94975,1,Quercus suber
14,W,"37.443170,-7.917617",4.1,54,9389.898351,1,Quercus suber
15,W,"37.443143,-7.917630",4,74,17203.34684,1,Quercus suber
16,W,"37.443194,-7.917463",5,105,43295.03719,1,Quercus suber
17,W,"37.443482,-7.917597",7.5,165,160368.352,1,Quercus suber
18,W,"37.443523,-7.917568",4,42,5541.76476,1,Quercus suber
19,W,"37.443609,-7.917514",2.2,13,292.0107905,1,Quercus suber
20,W,"37.446413,-7.917475",3.5,18,890.640765,1,Quercus suber
21,W,"37.443540,-7.917429",6,62,18114.40794,1,Quercus suber
22,W,"37.443620,-7.917401",6.1,83,33004.6806,1,Quercus suber
23,W,"37.443636,-7.917443 ",4.1,27,2347.474588,1,Quercus suber
24,W,"37.442636,-7.916443",4,38,4536.45596,1,Quercus suber
25,W,"37.442456,-7.916153",7.8,47,13532.556,1,Quercus suber
26,W,"37.442391,-7.916216",7.5,60,21205.7325,1,Quercus suber
27,W,"37.442412,-7.916266",6,73,25112.29967,1,Quercus suber
28,W,"37.442414,-7.916307",4.4,18,1119.662676,1,Quercus suber
29,W,"37.442317,-7.916341",4.4,34,3994.845844,1,Quercus suber
30,W,"37.442330,-7.916296",6.5,66,22237.74482,1,Quercus suber
31,W,"37.442380,-7.916344",5.4,57,13779.48498,1,Quercus suber
32,W,"37.442482,-7.916497",5.4,55,12829.46816,1,Quercus suber
37,W,"37.4430583,-7.9160028",6,73,25112.29967,1,Quercus suber
38,W,"37.4430117,-7.9159331",3.2,47,5551.817848,1,Quercus suber
39,W,"37.4429978,-7.9158623",2.7,50,5301.433125,1,Quercus suber
41,W,"37.4429840,-7.9156481",3.8,55,9028.144263,1,Quercus suber
42,W,"37.4429433,-7.9155780",4.1,57,10462.20156,1,Quercus suber
43,W,"37.4433044,-7.9157664",2.8,60,7916.8068,1,Quercus suber
44,W,"37.4429126,-7.9165022",3.2,41,4224.810232,1,Quercus suber
45,W,"37.4438360,-7.9164003",2.8,34,2542.174628,1,Quercus suber
46,W,"37.4427737,-7.9155183",11,130,146005.3953,1,Quercus suber
47,W,"37.442794,-7.915491",4,56,9852.02624,1,Quercus suber
48,W,"37.4427276,-7.9155954",5.2,55,12354.30268,1,Quercus suber
49,W,"37.4426699,-7.9156397",4.5,45,7156.934719,1,Quercus suber
50,W,"37.4426563,-7.9156675",3,11,285.0992925,1,Quercus suber
51,W,"37.4426414,-7.9156893",4.5,35,4329.503719,1,Quercus suber
52,W,"37.4426076,-7.9157550",4,41,5281.01279,1,Quercus suber
54,W,"37.4425575,-7.9158630",4.1,45,6520.762744,1,Quercus suber
55,W,"37.4425277,-7.9159424",12.5,212,441236.3155,1,Quercus suber
58,W,"37.4424689,-7.9160246",6,121,68994.02879,1,Quercus suber
59,W,"37.4424532,-7.9160497",9,109,83981.76928,1,Quercus suber
60,W,"37.4424170,-7.9160745",3,39,3583.768793,1,Quercus suber
61,W,"37.4424825,-7.9161027",2,29,1321.038595,1,Quercus suber
62,W,"37.4425397,-7.9161832",4.2,42,5818.852998,1,Quercus suber
63,W,"37.4425796,-7.9161973",4,35,3848.44775,1,Quercus suber
66,W,"37.4426824,-7.9162734",5.8,49,10937.28851,1,Quercus suber
67,W,"37.4427386,-7.9164216",2.5,42,3463.602975,1,Quercus suber
76,W,"37.4429552,-7.9164615",8,51,16342.55118,1,Quercus suber
78,W,"37.4429012,-7.9165128",2.6,43,3775.719942,1,Quercus suber
1,X,"37.4432928, -7.9161369",6.8,73,28460.60629,1,Quercus suber
2,X,"37.4433433, -7.9162271",5.5,56,13546.53608,1,Quercus suber
3,X,"37.4433553, -7.9162804",7.4,76,33569.7741,1,Quercus suber
4,X,"37.4433391, -7.9163153",5,36,5089.3758,1,Quercus suber
5,X,"37.4433471, -7.9163391",3,13,398.1965325,1,Quercus suber
6,X,"37.44333474, -7.9163396",1.6,3,11.309724,1,Quercus suber
7,X,"37.4433480, -7.9163400",1.5,2,4.712385,1,Quercus suber
8,X,"37.4433500, -7.9163410",2,5,39.269875,1,Quercus suber
9,X,"37.4433492, -7.9162928",1.6,55,3801.3239,1,Quercus suber
10,X,"37.4433133, -7.9162613",10.5,70,40408.70138,1,Quercus suber
11,X,"37.4433045, -7.9162358",1.6,4,20.106176,1,Quercus suber
12,X,"37.4432970, -7.9162033",2.1,10,164.933475,1,Quercus suber
13,X,"37.4432795, -7.9161225",6,64,19301.92896,1,Quercus suber
14,X,"37.4433093, -7.9161761",1.8,6,50.893758,1,Quercus suber
15,X,"37.4431445, -7.9162838",4.5,51,9192.685039,1,Quercus suber
16,X,"37.4431474, -7.9162968",4.8,38,5443.747152,1,Quercus suber
17,X,"37.4431024, -7.9162247",4.8,30,3392.9172,1,Quercus suber
18,X,"37.4430955, -7.9162170",4.5,36,4580.43822,1,Quercus suber
23,X,"37.4430710, -7.9160792",8.5,65,28205.58772,1,Quercus suber
24,X,"37.4431341, -7.9160155",8.1,45,12882.48249,1,Quercus suber
25,X,"37.4431512, -7.9159766",7.5,59,20504.76523,1,Quercus suber
26,X,"37.4431331, -7.9159193",7.8,65,25882.77461,1,Quercus suber
27,X,"37.4431929, -7.9160732",6.1,50,11977.31188,1,Quercus suber
28,X,"37.4431778, -7.9162687",4.5,35,4329.503719,1,Quercus suber
29,X,"37.4431929, -7.9162559",4.8,31,3622.881588,1,Quercus suber
30,X,"37.4431983, -7.9162331",5,36,5089.3758,1,Quercus suber
31,X,"37.4432291, -7.9163136",3.5,20,1099.5565,1,Quercus suber
32,X,"37.4432300, -7.9163200",2.2,8,110.583968,1,Quercus suber
33,X,"37.4432340, -7.9163222",2.5,10,196.349375,1,Quercus suber
34,X,"37.4432346, -7.9163232",4,22,1520.52956,1,Quercus suber
35,X,"37.4432307, -7.9162828",2.4,10,188.4954,1,Quercus suber
37,X,"37.4432324, -7.9162839",3,24,1357.16688,1,Quercus suber
38,X,"37.4432330, -7.9162850",3,18,763.40637,1,Quercus suber
39,X,"37.4432360, -7.9162862",2.5,12,282.7431,1,Quercus suber
40,X,"37.4432390, -7.9162870",2,6,56.54862,1,Quercus suber
41,X,"37.4432399, -7.9162890",1.8,4,22.619448,1,Quercus suber
42,X,"37.4432411, -7.9162930",1.8,3,12.7234395,1,Quercus suber
43,X,"37.4432425, -7.9162932",2.2,7,84.6658505,1,Quercus suber
44,X,"37.4432432, -7.9162935",1.5,4,18.84954,1,Quercus suber
45,X,"37.4432441, -7.9162945",2,11,190.066195,1,Quercus suber
46,X,"37.4432984, -7.9164011",4,40,5026.544,1,Quercus suber
47,X,"37.4433452, -7.9163662",2,6,56.54862,1,Quercus suber
48,X,"37.4433470, -7.9163670",4,12,452.38896,1,Quercus suber
49,X,"37.4433303, -7.9163525",3.5,11,332.6158413,1,Quercus suber
1,Y,"37.442809,-7.915563",4.4,80,22116.7936,1,Quercus suber
2,Y,"37.442852,-7.915712",4.8,90,30536.2548,1,Quercus suber
3,Y,"37.442899,-7.915787",6,130,79639.3065,1,Quercus suber
4,Y,"37.442932,-7.915784",4.5,65,14932.36997,1,Quercus suber
5,Y,"37.442926,-7.915792",2.3,3,16.25772825,1,Quercus suber
6,Y,"37.442974,-7.915882",5.5,60,15550.8705,1,Quercus suber
7,Y,"37.442984,-7.915862",4.5,30,3180.859875,1,Quercus suber
8,Y,"37.442974,-7.915873",1.9,1,1.49225525,1,Quercus suber
9,Y,"37.442992,-7.915901",4,100,31415.9,1,Quercus suber
10,Y,"37.443018,-7.915918",4,40,5026.544,1,Quercus suber
11,Y,"37.443031,-7.915977",5,70,19242.23875,1,Quercus suber
12,Y,"37.443032,-7.916011",5,70,19242.23875,1,Quercus suber
13,Y,"37.443031,-7.916038",4.5,30,3180.859875,1,Quercus suber
14,Y,"37.443035,-7.915990",2.6,3,18.3783015,1,Quercus suber
15,Y,"37.442778,-7.915749",8.8,130,116804.3162,1,Quercus suber
16,Y,"37.442783,-7.915720",8.4,130,111495.0291,1,Quercus suber
17,Y,"37.442793,-7.915745",12.5,120,141371.55,1,Quercus suber
18,Y,"37.442847,-7.915809",12.4,123,147340.2568,1,Quercus suber
19,Y,"37.442809,-7.915943",3.5,25,1718.057031,1,Quercus suber
21,Y,"37.442751,-7.915830",4,2,12.56636,1,Quercus suber
22,Y,"37.442760,-7.915830",6.5,60,18378.3015,1,Quercus suber
3,Z,"37.442788,-7.915874",5,83,27053.01689,1,Quercus suber
4,Z,"37.442690,-7.915801",10,170,226979.8775,1,Quercus suber
5,Z,"37.442703,-7.915896",4.1,20,1288.0519,1,Quercus suber
6,Z,"37.442780,-7.915948",6.5,110,61771.51338,1,Quercus suber
7,Z,"37.442798,-7.915973",4.3,40,5403.5348,1,Quercus suber
8,Z,"37.442836,-7.915944",10.9,116,115194.5655,1,Quercus suber
10,Z,"37.442870,-7.915055",1.7,3,12.01658175,1,Quercus suber
11,Z,"37.442877,-7.915082",2.1,10,164.933475,1,Quercus suber
6,D,"37.4450100, -7.9190045",2.2,15,388.7717625,1,Quercus suber 
7,D,"37.4450281, -7.91889589",4.8,34,4358.013648,1,Quercus suber 
9,D,"37.4451481, -7.9186806",2.5,19,708.8212438,1,Quercus suber 
10,D,"37.4451322, -7.9195968",6.3,73,26367.91465,1,Quercus suber 
11,D,"37.4447832, -7.9193096",1.4,11,133.0463365,1,Quercus suber 
158,E,"37.4446924,-7.9186223",2.2,12,248.813928,1,Quercus suber 
159,E,"37.4446708,-7.9185767",3.2,22,1216.423648,1,Quercus suber 
3,H,"37.444532,-7.917991",5.6,62,16906.78074,1,Quercus suber 
4,H,"37.444576,-7.918972",4.8,79,23527.99583,1,Quercus suber 
5,H,"37.444617,-7.918961",2.7,57,6889.742489,1,Quercus suber 
6,H,"37.444638,-7.918920",4.7,63,14651.04058,1,Quercus suber 
7,H,"37.444687,-7.918878",4.8,87,28534.43365,1,Quercus suber 
8,H,"37.444661,-7.918876",3.15,46,5234.988497,1,Quercus suber 
9,H,"37.444621,-7.918818",5,70,19242.23875,1,Quercus suber 
10,H,"37.444611,-7.918803",4.76,95,33739.8912,1,Quercus suber 
11,H,"37.444636,-7.918692",2.05,10,161.0064875,1,Quercus suber 
12,H,"37.444590,-7.918680",2.2,14,338.663402,1,Quercus suber 
13,H,"37.444685,-7.918769",5.4,71,21379.61951,1,Quercus suber 
14,H,"37.444692,-7.918796",4.7,49,8862.975168,1,Quercus suber 
15,H,"37.444734,-7.918836",5,75,22089.30469,1,Quercus suber 
17,H,"37.445078,-7.918124",4.2,68,15253.04777,1,Quercus suber 
18,H,"37.445268,-7.918289",2.11,47,3660.729894,1,Quercus suber 
19,H,"37.445314,-7.917860",4.7,83,25429.83587,1,Quercus suber 
20,H,"37.445300,-7.917983",3.56,81,18344.65507,1,Quercus suber 
21,H,"37.445262,-7.917917",5.7,79,27939.49505,1,Quercus suber 
22,H,"37.445277,-7.917837",3.38,70,13007.7534,1,Quercus suber 
23,H,"37.445186,-7.917942",3.5,52,7433.00194,1,Quercus suber 
24,H,"37.445166,-7.917985",4.1,67,14455.16245,1,Quercus suber 
25,H,"37.445185,-7.917768",4.9,69,18322.45974,1,Quercus suber 
26,H,"37.445195,-7.917712",5.05,100,39662.57375,1,Quercus suber 
27,H,"37.444881,-7.917561",4.25,130,56411.17544,1,Quercus suber 
28,H,"37.444864,-7.917510",4.7,75,20763.94641,1,Quercus suber 
29,H,"37.444785,-7.917502",4.9,83,26511.95655,1,Quercus suber 
30,H,"37.444789,-7.917600",5.8,73,24275.22301,1,Quercus suber 
31,H,"37.444710,-7.917431",5.3,80,26640.6832,1,Quercus suber 
32,H,"37.444581,-7.917437",5.4,80,27143.3376,1,Quercus suber 
33,H,"37.444648,-7.917503",2.2,11,209.0728145,1,Quercus suber 
34,H,"37.444523,-7.917550",4.3,87,25562.09681,1,Quercus suber 
35,H,"37.444550,-7.917383",5,105,43295.03719,1,Quercus suber 
37,H,"37.444474,-7.917499",2.4,41,3168.607674,1,Quercus suber 
39,H,"37.444554,-7.917438",3.6,56,8866.823616,1,Quercus suber 
40,H,"37.444455,-7.917448",3.9,44,5930.065284,1,Quercus suber 
41,H,"37.444426,-7.917418",4.1,70,15778.63578,1,Quercus suber 
42,H,"37.444380,-7.917548",4.35,54,9962.453129,1,Quercus suber 
44,H,"37.444264,-7.917457",2.7,17,612.8456693,1,Quercus suber 
45,H,"37.444264,-7.917458",4.9,79,24018.16241,1,Quercus suber 
46,H,"37.444306,-7.917608",4.6,85,26102.68591,1,Quercus suber 
47,H,"37.444433,-7.917703",4.6,75,20322.16031,1,Quercus suber 
48,H,"37.444337,-7.917679",4,48,7238.22336,1,Quercus suber 
49,H,"37.444417,-7.917836",4.8,75,21205.7325,1,Quercus suber 
50,H,"37.444413,-7.917792",3.8,74,16343.1795,1,Quercus suber 
51,H,"37.444460,-7.917893",4.7,62,14189.61955,1,Quercus suber 
52,H,"37.444464,-7.917864",3.9,52,8282.487876,1,Quercus suber 
53,H,"37.444519,-7.917776",2.7,48,4885.800768,1,Quercus suber 
54,H,"37.444473,-7.917681",4.2,75,18555.01594,1,Quercus suber 
55,H,"37.444458,-7.917636",2.6,16,522.760576,1,Quercus suber 
56,H,"37.444519,-7.917696",5.9,119,65619.88259,1,Quercus suber 
57,H,"37.444484,-7.917611",3.2,53,7059.781048,1,Quercus suber 
58,H,"37.444514,-7.917598",3.9,57,9951.850262,1,Quercus suber 
78,I,"37.444041,-7.918098",1.8,4,22.619448,1,Quercus suber 
79,I,"37.444063,-7.918094",1.7,5,33.37939375,1,Quercus suber 
80,I,"37.444088,-7.918073",2.1,8,105.557424,1,Quercus suber 
81,I,"37.444069,-7.918094",2.4,10,188.4954,1,Quercus suber 
82,I,"37.444058,-7.918102",1.4,3,9.8960085,1,Quercus suber 
83,I,"37.444090,-7.918070",1.1,2,3.455749,1,Quercus suber 
3,K,"37.4432257,-7.9188577",2.84,27,1626.055568,1,Quercus suber 
12,K,"37.4431062,-7.9189318",37,27,21184.52677,1,Quercus suber 
35,K,"37.440290, -7.918024",2.1,12,237.504204,1,Quercus suber 
52,K,"37.4426614, -7.9185630",1.73,10,135.8737675,1,Quercus suber 
109,K,"37.4428908, -7.9185385",4.9,55,11641.55444,1,Quercus suber 
115,K,"37.442695, -7.918409",3.6,53,7942.253679,1,Quercus suber 
1,O,"37.443788,-7.917505",3.9,50,7657.625625,1,Quercus suber 
2,O,"37.443837,-7.917472",5.9,130,78311.98473,1,Quercus suber 
3,O,"37.443896,-7.917455",6,110,57019.8585,1,Quercus suber 
6,O,"37.443929,-7.917430",2.2,5,43.1968625,1,Quercus suber 
7,O,"37.443980,-7.917439",2.8,13,371.650097,1,Quercus suber 
9,O,"37.443971,-7.917523",1.8,5,35.3428875,1,Quercus suber 
11,O,"37.444004,-7.917579",1.2,3,8.482293,1,Quercus suber 
12,O,"37.444046,-7.917623",1.6,3,11.309724,1,Quercus suber 
13,O,"37.444024,-7.917591",0.5,2,1.570795,1,Quercus suber 
14,O,"37.443872,-7.917569",3.2,16,643.397632,1,Quercus suber 
15,O,"37.443871,-7.917552",9,140,138544.119,1,Quercus suber 
16,O,"37.443855,-7.917602",2,12,226.19448,1,Quercus suber 
17,O,"37.443859,-7.917620",6,100,47123.85,1,Quercus suber 
18,O,"37.443854,-7.917636",2.5,13,331.8304438,1,Quercus suber 
19,O,"37.444044,-7.917619",1,2,3.14159,1,Quercus suber 
21,O,"37.444035,-7.917736",5.8,130,76984.66295,1,Quercus suber 
22,O,"37.444098,-7.917791",2.9,8,145.769776,1,Quercus suber 
23,O,"37.444090,-7.917795",2.8,8,140.743232,1,Quercus suber 
24,O,"37.444184,-7.917757",1.8,4,22.619448,1,Quercus suber 
25,O,"37.444190,-7.917760",1.5,3,10.60286625,1,Quercus suber 
26,O,"37.444203,-7.917783",1.7,3,12.01658175,1,Quercus suber 
27,O,"37.444224,-7.917808",1,1,0.7853975,1,Quercus suber 
28,O,"37.444241,-7.917835",1.8,3,12.7234395,1,Quercus suber 
29,O,"37.444245,-7.917840",2.3,13,305.2840083,1,Quercus suber 
30,O,"37.444247,-7.917839",1.7,2,5.340703,1,Quercus suber 
31,O,"37.444261,-7.917764",3.6,35,3463.602975,1,Quercus suber 
32,O,"37.444270,-7.917830",1.7,2,5.340703,1,Quercus suber 
33,O,"37.444256,-7.917851",1.6,2,5.026544,1,Quercus suber 
34,O,"37.444258,-7.917852",1.1,2,3.455749,1,Quercus suber 
35,O,"37.444251,-7.917877",1.1,3,7.77543525,1,Quercus suber 
36,O,"37.444231,-7.917928",1.9,12,214.884756,1,Quercus suber 
37,O,"37.444227,-7.917948",1.2,3,8.482293,1,Quercus suber 
38,O,"37.444027,-7.917900",5,30,3534.28875,1,Quercus suber 
1,P,"37.443846,-7.917862",2.6,46,4320.942886,1,Quercus suber 
5,P,"37.443862,-7.917726",2.5,11,237.5827438,1,Quercus suber 
1,Q,"37.443546,-7.917979",7.4,190,209811.0882,1,Quercus suber 
2,Q,"37.443607,-7.917777",6.2,90,39442.66245,1,Quercus suber 
1,R,"37.443232,-7.918257",4.1,70,15778.63578,1,Quercus suber 
1,S,"37.444249,-7.916656",10.6,270,606908.0642,1,Quercus suber 
2,S,"37.444273,-7.916576",9.7,140,149319.7727,1,Quercus suber 
3,S,"37.444237,-7.916568",9.8,110,93132.43555,1,Quercus suber 
4,S,"37.444224,-7.916549",9.5,160,191008.672,1,Quercus suber 
5,S,"37.444188,-7.916525",8.5,110,80778.13288,1,Quercus suber 
6,S,"37.444191,-7.916446",6.8,77,31665.02809,1,Quercus suber 
7,S,"37.444169,-7.916374",6.8,84,37684.00037,1,Quercus suber 
8,S,"37.444123,-7.916330",3.8,35,3656.025363,1,Quercus suber 
9,S,"37.444120,-7.916298",6.9,97,50989.65503,1,Quercus suber 
10,S,"37.444119,-7.916318",7.1,120,80299.0404,1,Quercus suber 
11,S,"37.444086,-7.916262",5.8,65,19246.16574,1,Quercus suber 
12,S,"37.444073,-7.916209",7.9,170,179314.1032,1,Quercus suber 
13,S,"37.444116,-7.916371",7,100,54977.825,1,Quercus suber 
14,S,"37.444025,-7.916228",5,80,25132.72,1,Quercus suber 
15,S,"37.443999,-7.916138",5,120,56548.62,1,Quercus suber 
16,S,"37.443982,-7.916147",5,120,56548.62,1,Quercus suber 
17,S,"37.443939,-7.916199",3.5,34,3177.718285,1,Quercus suber 
18,S,"37.444006,-7.916343",5.3,100,41626.0675,1,Quercus suber 
19,S,"37.444011,-7.916430",4.1,44,6234.171196,1,Quercus suber 
20,S,"37.444052,-7.916546",4.3,75,18996.80203,1,Quercus suber 
21,S,"37.444078,-7.916562",4.3,58,11360.93192,1,Quercus suber 
22,S,"37.444082,-7.916580",5.7,130,75657.34118,1,Quercus suber 
23,S,"37.444131,-7.916629",4.8,80,24127.4112,1,Quercus suber 
24,S,"37.444156,-7.916663",4.8,80,24127.4112,1,Quercus suber 
25,S,"37.443950,-7.916337",7.5,130,99549.13313,1,Quercus suber 
19,T,"37.443847,-7.916549",2,20,628.318,1,Quercus suber 
29,T,"37.443817,-7.916881",8.6,127,108942.016,1,Quercus suber 
31,T,"37.443883,-7.916981",11,153,202239.0709,1,Quercus suber 
